name,city,rating,types,latitude,longitude,description,category,price_level,historical_period,special_features,amenities,room_types,cuisine_type,specialties,food_type,entertainment_type,wellness_type,family_type,created_at
Ho Chi Minh Mausoleum,Hanoi,4.7,"['monument', 'historical', 'memorial']",21.0369,105.8325,Lăng Chủ tịch Hồ Chí Minh - nơi an nghỉ của Bác,historical_monument,1.0,Modern,"['mausoleum', 'memorial', 'historical_significance']",,,,,,,,,
Temple of Literature,Hanoi,4.6,"['temple', 'historical', 'educational']",21.0267,105.8361,Văn Miếu - Quốc Tử Giám trường đại học đầu tiên,educational_temple,1.0,Ancient,"['university', 'confucius', 'educational_history']",,,,,,,,,
One Pillar Pagoda,Hanoi,4.5,"['pagoda', 'unique', 'historical']",21.0356,105.8322,Chùa Một Cột với kiến trúc độc đáo,unique_pagoda,1.0,Ancient,"['lotus_architecture', 'unique_design', 'historical']",,,,,,,,,
Hanoi Old Quarter,Hanoi,4.4,"['district', 'historical', 'cultural']",21.0347,105.8328,Phố cổ Hà Nội với 36 phố phường,historical_district,1.0,Ancient,"['36_streets', 'traditional_architecture', 'cultural_heritage']",,,,,,,,,
Imperial Citadel of Thang Long,Hanoi,4.5,"['citadel', 'unesco', 'historical']",21.0358047,105.8403473,Hoàng thành Thăng Long di sản UNESCO,unesco_citadel,1.0,Ancient,"['unesco_world_heritage', 'imperial_city', 'archaeological']",,,,,,,,,
Notre Dame Cathedral,Ho Chi Minh City,4.6,"['cathedral', 'colonial', 'architectural']",10.7796,106.6992,Nhà thờ Đức Bà Sài Gòn kiến trúc Pháp,colonial_cathedral,1.0,Colonial,"['french_architecture', 'neo_romanesque', 'colonial_heritage']",,,,,,,,,
Central Post Office,Ho Chi Minh City,4.5,"['building', 'colonial', 'architectural']",10.7796,106.6992,Bưu điện Trung tâm kiến trúc Pháp,colonial_building,1.0,Colonial,"['french_architecture', 'postal_service', 'colonial_heritage']",,,,,,,,,
Independence Palace,Ho Chi Minh City,4.7,"['palace', 'historical', 'political']",10.777,106.6953,Dinh Độc Lập nơi kết thúc chiến tranh,historical_palace,1.0,Modern,"['war_history', 'political_significance', 'architectural']",,,,,,,,,
Cu Chi Tunnels,Ho Chi Minh City,4.8,"['tunnels', 'war_history', 'underground']",10.777,106.6953,Địa đạo Củ Chi hệ thống đường hầm,war_tunnels,2.0,Modern,"['underground_tunnels', 'war_history', 'military_engineering']",,,,,,,,,
War Remnants Museum,Ho Chi Minh City,4.4,"['museum', 'war_history', 'educational']",10.777,106.6953,Bảo tàng Chứng tích Chiến tranh,war_museum,1.0,Modern,"['war_history', 'educational', 'historical_artifacts']",,,,,,,,,
Hoi An Ancient Town,Hoi An,4.9,"['town', 'unesco', 'historical']",15.8786049,108.3348312,Phố cổ Hội An di sản UNESCO,unesco_town,2.0,Ancient,"['unesco_world_heritage', 'ancient_town', 'cultural_heritage']",,,,,,,,,
Japanese Covered Bridge,Hoi An,4.7,"['bridge', 'historical', 'architectural']",15.8772,108.3308,Chùa Cầu Nhật Bản kiến trúc độc đáo,historical_bridge,1.0,Ancient,"['japanese_architecture', 'covered_bridge', 'cultural_symbol']",,,,,,,,,
Quan Cong Temple,Hoi An,4.5,"['temple', 'chinese', 'historical']",15.8786049,108.3348312,Đền Quan Công của người Hoa,chinese_temple,1.0,Ancient,"['chinese_architecture', 'temple', 'cultural_heritage']",,,,,,,,,
Phuc Kien Assembly Hall,Hoi An,4.4,"['hall', 'chinese', 'historical']",15.8786049,108.3348312,Hội quán Phúc Kiến của người Hoa,chinese_hall,1.0,Ancient,"['chinese_architecture', 'assembly_hall', 'cultural_heritage']",,,,,,,,,
Tan Ky House,Hoi An,4.3,"['house', 'historical', 'architectural']",15.8786049,108.3348312,Nhà cổ Tấn Ký kiến trúc truyền thống,historical_house,1.0,Ancient,"['traditional_architecture', 'ancient_house', 'cultural_heritage']",,,,,,,,,
Imperial City,Hue,4.8,"['citadel', 'unesco', 'imperial']",16.4689732,107.578125,Kinh thành Huế di sản UNESCO,unesco_citadel,2.0,Ancient,"['unesco_world_heritage', 'imperial_city', 'royal_architecture']",,,,,,,,,
Thien Mu Pagoda,Hue,4.6,"['pagoda', 'historical', 'religious']",16.4567,107.5908,Chùa Thiên Mụ ngôi chùa cổ nhất,historical_pagoda,1.0,Ancient,"['ancient_pagoda', 'religious_significance', 'historical']",,,,,,,,,
Tu Duc Tomb,Hue,4.5,"['tomb', 'imperial', 'architectural']",16.4332104,107.5644302,Lăng Tự Đức kiến trúc đẹp nhất,imperial_tomb,2.0,Ancient,"['imperial_tomb', 'beautiful_architecture', 'royal_history']",,,,,,,,,
Khai Dinh Tomb,Hue,4.4,"['tomb', 'imperial', 'modern']",16.4567,107.5908,Lăng Khải Định kiến trúc hiện đại,modern_imperial_tomb,2.0,Modern,"['imperial_tomb', 'modern_architecture', 'royal_history']",,,,,,,,,
Minh Mang Tomb,Hue,4.3,"['tomb', 'imperial', 'traditional']",16.4567,107.5908,Lăng Minh Mạng kiến trúc truyền thống,traditional_imperial_tomb,2.0,Ancient,"['imperial_tomb', 'traditional_architecture', 'royal_history']",,,,,,,,,
Marble Mountains,Da Nang,4.6,"['mountains', 'religious', 'caves']",16.0567,108.2456,Ngũ Hành Sơn với hang động và chùa,religious_mountains,2.0,Ancient,"['five_mountains', 'caves', 'temples', 'religious_significance']",,,,,,,,,
Linh Ung Pagoda,Da Nang,4.5,"['pagoda', 'modern', 'statue']",16.0567,108.2456,Chùa Linh Ứng với tượng Phật lớn nhất,modern_pagoda,1.0,Modern,"['largest_buddha_statue', 'modern_architecture', 'religious']",,,,,,,,,
Cham Museum,Da Nang,4.4,"['museum', 'cham', 'cultural']",16.0567,108.2456,Bảo tàng Chăm Pa nghệ thuật,cham_museum,1.0,Ancient,"['cham_art', 'cultural_museum', 'historical_artifacts']",,,,,,,,,
Dragon Bridge,Da Nang,4.3,"['bridge', 'modern', 'dragon']",16.0567,108.2456,Cầu Rồng kiến trúc hiện đại,modern_bridge,1.0,Modern,"['dragon_design', 'modern_architecture', 'night_show']",,,,,,,,,
Love Bridge,Da Nang,4.2,"['bridge', 'romantic', 'modern']",16.0567,108.2456,Cầu Tình Yêu lãng mạn,romantic_bridge,1.0,Modern,"['romantic_design', 'love_locks', 'couples']",,,,,,,,,
Po Nagar Cham Towers,Nha Trang,4.5,"['towers', 'cham', 'historical']",12.2388,109.1967,Tháp Chăm Po Nagar cổ kính,cham_towers,1.0,Ancient,"['cham_architecture', 'ancient_towers', 'religious_significance']",,,,,,,,,
Long Son Pagoda,Nha Trang,4.4,"['pagoda', 'white_buddha', 'mountain']",12.2388,109.1967,Chùa Long Sơn với tượng Phật trắng,white_buddha_pagoda,1.0,Modern,"['white_buddha_statue', 'mountain_location', 'religious']",,,,,,,,,
Hon Chong Promontory,Nha Trang,4.3,"['promontory', 'nature', 'rock']",12.2388,109.1967,Hòn Chồng địa điểm tự nhiên,natural_promontory,1.0,Natural,"['rock_formation', 'natural_beauty', 'coastal_view']",,,,,,,,,
Vinpearl Land,Nha Trang,4.2,"['theme_park', 'modern', 'entertainment']",12.2388,109.1967,Vinpearl Land khu vui chơi giải trí,theme_park,4.0,Modern,"['amusement_park', 'entertainment', 'family_fun']",,,,,,,,,
Nha Trang Cathedral,Nha Trang,4.1,"['cathedral', 'colonial', 'religious']",12.2388,109.1967,Nhà thờ Nha Trang kiến trúc Pháp,colonial_cathedral,1.0,Colonial,"['french_architecture', 'colonial_heritage', 'religious']",,,,,,,,,
Xuan Huong Lake,Da Lat,4.4,"['lake', 'natural', 'romantic']",11.9404,108.4583,Hồ Xuân Hương hồ nước đẹp,natural_lake,1.0,Natural,"['natural_lake', 'romantic_setting', 'scenic_beauty']",,,,,,,,,
Valley of Love,Da Lat,4.5,"['valley', 'romantic', 'nature']",11.9404,108.4583,Thung lũng Tình Yêu lãng mạn,romantic_valley,2.0,Natural,"['romantic_setting', 'natural_beauty', 'flower_gardens']",,,,,,,,,
Bao Dai Palace,Da Lat,4.3,"['palace', 'royal', 'historical']",11.9404,108.4583,Dinh Bảo Đại cung điện mùa hè,royal_palace,2.0,Modern,"['royal_palace', 'summer_residence', 'historical']",,,,,,,,,
Da Lat Railway Station,Da Lat,4.2,"['station', 'colonial', 'architectural']",11.9404,108.4583,Ga Đà Lạt kiến trúc Pháp,colonial_station,1.0,Colonial,"['french_architecture', 'colonial_heritage', 'railway_history']",,,,,,,,,
Tuyen Lam Lake,Da Lat,4.1,"['lake', 'natural', 'peaceful']",11.9404,108.4583,Hồ Tuyền Lâm hồ nước yên tĩnh,peaceful_lake,1.0,Natural,"['natural_lake', 'peaceful_atmosphere', 'nature']",,,,,,,,,
Phu Quoc Prison,Phu Quoc,4.3,"['prison', 'historical', 'war']",10.2899,103.984,Nhà tù Phú Quốc lịch sử,historical_prison,1.0,Modern,"['war_history', 'historical_significance', 'educational']",,,,,,,,,
Dinh Cau Temple,Phu Quoc,4.2,"['temple', 'coastal', 'religious']",10.2899,103.984,Đền Dinh Cầu bên biển,coastal_temple,1.0,Ancient,"['coastal_temple', 'religious_significance', 'fishing_culture']",,,,,,,,,
Ham Ninh Fishing Village,Phu Quoc,4.1,"['village', 'fishing', 'traditional']",10.2899,103.984,Làng chài Hàm Ninh truyền thống,fishing_village,1.0,Traditional,"['fishing_culture', 'traditional_village', 'local_life']",,,,,,,,,
Coi Nguon Museum,Phu Quoc,4.0,"['museum', 'local', 'cultural']",10.2899,103.984,Bảo tàng Cội Nguồn địa phương,local_museum,1.0,Cultural,"['local_culture', 'cultural_museum', 'historical_artifacts']",,,,,,,,,
Vinpearl Safari,Phu Quoc,4.4,"['safari', 'wildlife', 'modern']",10.2899,103.984,Vinpearl Safari công viên động vật,wildlife_safari,4.0,Modern,"['wildlife_park', 'safari_experience', 'animal_conservation']",,,,,,,,,
CGV Vincom Imperia,Hai Phong,4.0,"['attraction', 'tourism']",20.8631003004016,106.66221219999998,"1, Manhattan 10, Phường Hồng Bàng, Hải Phòng, 18000, Vietnam",attraction,0.0,,,,,,,,,,,2025-10-22T02:13:09.804332
Rạp chiếu phim CGV,Hai Phong,4.1,"['attraction', 'tourism']",20.832584000400917,106.6805654,"10, Ngõ 53 Đồng Thiện, Phường An Biên, Hải Phòng, 18000, Vietnam",attraction,0.0,,,,,,,,,,,2025-10-22T02:13:09.804343
Nhà Hát Thành phố Hải Phòng,Hai Phong,4.2,"['attraction', 'tourism']",20.85744585040147,106.68182239677452,"Phố Đinh Tiên Hoàng, Phường Hồng Bàng, Hải Phòng, 18000, Vietnam",attraction,0.0,,,,,,,,,,,2025-10-22T02:13:09.804348
Bảo tàng Hải Phòng,Hai Phong,4.3,"['attraction', 'tourism']",20.861965550401575,106.68270347978563,"66, Phố Điện Biên Phủ, Phường Hồng Bàng, Hải Phòng, 18000, Vietnam",attraction,0.0,,,,,,,,,,,2025-10-22T02:13:09.804350
Công viên,Hai Phong,4.4,"['attraction', 'tourism']",20.80281260040022,106.6267357,"Trần Nhân Tông, Phường Kiến An, Hải Phòng, Vietnam",attraction,0.0,,,,,,,,,,,2025-10-22T02:13:09.804353
Vườn hoa Nguyễn Du,Hai Phong,4.5,"['attraction', 'tourism']",20.858834500401507,106.68629844988455,"Phường Hồng Bàng, Hải Phòng, Hồng Bàng District, Vietnam",attraction,0.0,,,,,,,,,,,2025-10-22T02:13:09.804355
Vườn hoa An Biên,Hai Phong,4.6,"['attraction', 'tourism']",20.856217450401445,106.68059963035113,"Phường Hồng Bàng, Hải Phòng, Hồng Bàng District, Vietnam",attraction,0.0,,,,,,,,,,,2025-10-22T02:13:09.804358
Đài tưởng niệm các anh hùng Liệt sĩ Quận Ngô Quyền,Hai Phong,4.7,"['attraction', 'tourism']",20.847255850401254,106.6922245,"lối vào, Phường Gia Viên, Hải Phòng, 18000, Vietnam",attraction,0.0,,,,,,,,,,,2025-10-22T02:13:09.804362
vuon,Hai Phong,4.8,"['attraction', 'tourism']",20.846259400401223,106.6868093023372,"Ngõ Văn Minh, Phường Lê Chân, Hải Phòng, 18000, Vietnam",attraction,0.0,,,,,,,,,,,2025-10-22T02:13:09.804365
Nhà Triển Lãm,Hai Phong,4.9,"['attraction', 'tourism']",20.85592995040144,106.67898439999999,"1, Phố Quang Trung, Phường Hồng Bàng, Hải Phòng, 18000, Vietnam",attraction,0.0,,,,,,,,,,,2025-10-22T02:13:09.804368
Bảo tàng Hải quân,Hai Phong,4.0,"['attraction', 'tourism']",20.826035250400768,106.70041966107874,"Cầu Rào, Phường Hưng Đạo, Hải Phòng, 18000, Vietnam",attraction,0.0,,,,,,,,,,,2025-10-22T02:13:09.804370
Sân Lô 7,Hai Phong,4.1,"['attraction', 'tourism']",20.849157550401294,106.66507905,"Phường An Biên, Hải Phòng, Vietnam",attraction,0.0,,,,,,,,,,,2025-10-22T02:13:09.804373
nghĩa trang làng an trí,Hai Phong,4.2,"['attraction', 'tourism']",20.86455595040163,106.64686409999999,"Đường đê, Phường Hồng Bàng, Hải Phòng, 18000, Vietnam",attraction,0.0,,,,,,,,,,,2025-10-22T02:13:09.804375
Đài liệt sĩ Hồng Bàng,Hai Phong,4.3,"['attraction', 'tourism']",20.865867150401662,106.65016834999997,"Quốc lộ 5, An Dương, Hải Phòng, 18000, Vietnam",attraction,0.0,,,,,,,,,,,2025-10-22T02:13:09.804378
Công viên Cầu Rào,Hai Phong,4.4,"['attraction', 'tourism']",20.826708350400786,106.69807907450684,"Phường Hưng Đạo, Hải Phòng, Dương Kinh District, Vietnam",attraction,0.0,,,,,,,,,,,2025-10-22T02:13:09.804380
Mồ liệt sỹ Nam Hải,Hai Phong,4.5,"['attraction', 'tourism']",20.829872750400853,106.73626746120728,"Đường Nam Phong, Hải Phòng, 04813, Vietnam",attraction,0.0,,,,,,,,,,,2025-10-22T02:13:09.804383
Vườn hoa Nguyễn Bỉnh Khiêm,Hai Phong,4.6,"['attraction', 'tourism']",20.85774095040148,106.6848465627518,"Phường Hồng Bàng, Hải Phòng, Hồng Bàng District, Vietnam",attraction,0.0,,,,,,,,,,,2025-10-22T02:13:09.804385
Vườn hoa Nguyễn Văn Trỗi,Hai Phong,4.7,"['attraction', 'tourism']",20.85674020040146,106.68296405916682,"Phường Hồng Bàng, Hải Phòng, Hồng Bàng District, Vietnam",attraction,0.0,,,,,,,,,,,2025-10-22T02:13:09.804389
Rạp Lê Văn Tám,Hai Phong,4.8,"['attraction', 'tourism']",20.854880200401425,106.68028539026548,"Phố Lê Chân, Phường Lê Chân, Hải Phòng, 18000, Vietnam",attraction,0.0,,,,,,,,,,,2025-10-22T02:13:09.804391
Rạp Công Nhân,Hai Phong,4.9,"['attraction', 'tourism']",20.85424845040141,106.68392813610491,"Phố Lương Khánh Thiện (Phố Ga), Phường Gia Viên, Hải Phòng, 18000, Vietnam",attraction,0.0,,,,,,,,,,,2025-10-22T02:13:09.804393
Phi Long Thần Tốc,Ha Long,4.0,"['attraction', 'tourism']",20.954135250403482,107.04775953455983,"Đường Hạ Long, Bãi Cháy, Hạ Long, Quảng Ninh Province 01000, Vietnam",attraction,0.0,,,,,,,,,,,2025-10-22T02:13:22.154770
Vịnh Hạ Long,Ha Long,4.1,"['attraction', 'tourism']",20.908438400402563,107.06827819999998,"Hạ Long, Quảng Ninh Province 01000, Vietnam",attraction,0.0,,,,,,,,,,,2025-10-22T02:13:22.154779
Sunworld,Ha Long,4.2,"['attraction', 'tourism']",20.951811000403445,107.04844575445435,"Lý Quốc Sư, Bãi Cháy, Hạ Long, Quảng Ninh Province 01000, Vietnam",attraction,0.0,,,,,,,,,,,2025-10-22T02:13:22.154782
Hòn Gà chọi,Ha Long,4.3,"['attraction', 'tourism']",20.890491650402193,107.02613064122244,"Hạ Long, Quảng Ninh Province, Vietnam",attraction,0.0,,,,,,,,,,,2025-10-22T02:13:22.154784
Công viên Lán Bè,Ha Long,4.4,"['attraction', 'tourism']",20.950779200403417,107.08800623439524,"Hong Gai, Hạ Long, Quảng Ninh Province, Vietnam",attraction,0.0,,,,,,,,,,,2025-10-22T02:13:22.154787
Vườn hoa,Ha Long,4.5,"['attraction', 'tourism']",20.949225550403398,107.08301209935385,"Trần Hưng Đạo, Hạ Long, Quảng Ninh Province, Vietnam",attraction,0.0,,,,,,,,,,,2025-10-22T02:13:22.154790
"Cung Quy hoạch, Hội chợ và Triển lãm tỉnh Quảng Ninh",Ha Long,4.6,"['attraction', 'tourism']",20.94614640040332,107.10165737192838,"Tran Quoc Nghien Road, Phường Hạ Long, Hạ Long, Quảng Ninh Province 01100, Vietnam",attraction,0.0,,,,,,,,,,,2025-10-22T02:13:22.154792
Công viên Vinhomes Dragon Bay,Ha Long,4.8,"['attraction', 'tourism']",20.951272650403432,107.07248508401919,"Yết Kiêu, Hạ Long, Quảng Ninh Province, Vietnam",attraction,0.0,,,,,,,,,,,2025-10-22T02:13:22.154797
Tháp Đồng Hồ,Ha Long,4.9,"['attraction', 'tourism']",20.951610550403434,107.08519985000001,"Vòng Xuyến, Trần Hưng Đạo, Hạ Long, Quảng Ninh Province 01100, Vietnam",attraction,0.0,,,,,,,,,,,2025-10-22T02:13:22.154799
Zen Garden,Ha Long,4.0,"['attraction', 'tourism']",20.956095450403524,107.0719755166615,"Đường Đặng Bá Hát, Yết Kiêu, Hạ Long, Quảng Ninh Province 01000, Vietnam",attraction,0.0,,,,,,,,,,,2025-10-22T02:13:22.154802
Múa rối nước Ánh Trăng,Ha Long,4.1,"['attraction', 'tourism']",20.955850100403524,107.07400849999999,"Đường Đặng Bá Hát, Yết Kiêu, Hạ Long, Quảng Ninh Province 01000, Vietnam",attraction,0.0,,,,,,,,,,,2025-10-22T02:13:22.154804
Ha Long Bay Heritage Site,Ha Long,4.2,"['attraction', 'tourism']",20.815636100400532,107.10928059999999,"Vân Đồn Special Administrative Region, Vietnam",attraction,0.0,,,,,,,,,,,2025-10-22T02:13:22.154806
Nhạc nước,Ha Long,4.3,"['attraction', 'tourism']",20.950030550403397,107.043202007849,"Quảng trường Mặt Trời, Bãi Cháy, Hạ Long, Quảng Ninh Province 01000, Vietnam",attraction,0.0,,,,,,,,,,,2025-10-22T02:13:22.154808
Dolphinarium (closed?),Ha Long,4.4,"['attraction', 'tourism']",20.927275250402957,106.98670968923491,"Đường Ngọc Châu, Tuần Châu, Quảng Ninh Province, Vietnam",attraction,0.0,,,,,,,,,,,2025-10-22T02:13:22.154811
Tuan Chau Park,Ha Long,4.5,"['attraction', 'tourism']",20.926946350402943,106.98743389855582,"Đường Ngọc Châu, Tuần Châu, Quảng Ninh Province, Vietnam",attraction,0.0,,,,,,,,,,,2025-10-22T02:13:22.154819
Floating Village,Ha Long,4.6,"['attraction', 'tourism']",20.902719400402443,107.01813729999999,"Đường Ngọc Châu, Tuần Châu, Quảng Ninh Province, Vietnam",attraction,0.0,,,,,,,,,,,2025-10-22T02:13:22.154822
hòn gà chọi,Ha Long,4.7,"['attraction', 'tourism']",20.897487800402345,107.03179649999998,"Đường Kỳ Quan, Bãi Cháy, Hạ Long, Quảng Ninh Province 01000, Vietnam",attraction,0.0,,,,,,,,,,,2025-10-22T02:13:22.154824
Dao Tuan Chau,Ha Long,4.8,"['attraction', 'tourism']",20.930667100403024,106.98518259999999,"Đường Ngọc Châu, Tuần Châu, Quảng Ninh Province, Vietnam",attraction,0.0,,,,,,,,,,,2025-10-22T02:13:22.154826
Bảo tàng Quảng Ninh,Ha Long,4.9,"['attraction', 'tourism']",20.948677100403387,107.0975562,"Tran Quoc Nghien Road, Hong Gai, Hạ Long, Quảng Ninh Province 01100, Vietnam",attraction,0.0,,,,,,,,,,,2025-10-22T02:13:22.154828
Khu vui chơi thiếu niên nhi đồng,Quang Ninh,4.0,"['attraction', 'tourism']",21.009554150404526,107.26223222282678,"Ngõ 797A Trần Phú, Cẩm Thuỷ, Quảng Ninh Province 01250, Vietnam",attraction,0.0,,,,,,,,,,,2025-10-22T02:13:34.556885
Nhà Văn hóa Công Nhân Cẩm Phả,Quang Ninh,4.1,"['attraction', 'tourism']",21.012992850404576,107.28384058263521,"Tran Phu Street, Cẩm Bình, Cẩm Phả, Quảng Ninh Province 01250, Vietnam",attraction,0.0,,,,,,,,,,,2025-10-22T02:13:34.556896
Công viên Cao Sơn Lưu Thủy,Quang Ninh,4.2,"['attraction', 'tourism']",20.999149450404325,107.31227657326312,"Cẩm Sơn, Quảng Ninh Province, Vietnam",attraction,0.0,,,,,,,,,,,2025-10-22T02:13:34.556900
Trần Quốc Tảng,Quang Ninh,4.3,"['attraction', 'tourism']",21.025992400404817,107.3690833,"Cửa Ông, Quảng Ninh Province, Vietnam",attraction,0.0,,,,,,,,,,,2025-10-22T02:13:34.556903
Bai Tu Long Bay,Quang Ninh,4.4,"['attraction', 'tourism']",20.926064500402934,107.25520989999998,"Quảng Ninh Province, Vietnam",attraction,0.0,,,,,,,,,,,2025-10-22T02:13:34.556906
Trần Quốc Toản,Quang Ninh,4.5,"['attraction', 'tourism']",21.028656700404863,107.37016759999999,"Đường Trần Quốc Tảng, Cửa Ông, Quảng Ninh Province, Vietnam",attraction,0.0,,,,,,,,,,,2025-10-22T02:13:34.556909
Attraction Quang Ninh 7,Quang Ninh,4.6,"['attraction', 'tourism']",21.01231635040457,107.28336526002334,"Cẩm Phả, Quảng Ninh Province, Vietnam",attraction,0.0,,,,,,,,,,,2025-10-22T02:13:34.556912
Attraction Quang Ninh 8,Quang Ninh,4.7,"['attraction', 'tourism']",21.025640500404812,107.36883121621433,"Quảng Ninh Province, Vietnam",attraction,0.0,,,,,,,,,,,2025-10-22T02:13:34.556915
Attraction Quang Ninh 9,Quang Ninh,4.8,"['attraction', 'tourism']",20.99482050040426,107.20923894041503,"Quảng Ninh Province, Vietnam",attraction,0.0,,,,,,,,,,,2025-10-22T02:13:34.556918
Attraction Quang Ninh 10,Quang Ninh,4.9,"['attraction', 'tourism']",21.010648150404542,107.28943350892327,"Cẩm Bình, Cẩm Phả, Quảng Ninh Province 01250, Vietnam",attraction,0.0,,,,,,,,,,,2025-10-22T02:13:34.556921
Attraction Quang Ninh 11,Quang Ninh,4.0,"['attraction', 'tourism']",21.010772800404546,107.289644875,"Cẩm Bình, Cẩm Phả, Quảng Ninh Province 01250, Vietnam",attraction,0.0,,,,,,,,,,,2025-10-22T02:13:34.556926
Attraction Quang Ninh 12,Quang Ninh,4.1,"['attraction', 'tourism']",21.010510300404537,107.28974347464586,"Cẩm Bình, Cẩm Phả, Quảng Ninh Province 01250, Vietnam",attraction,0.0,,,,,,,,,,,2025-10-22T02:13:34.556929
Attraction Quang Ninh 13,Quang Ninh,4.2,"['attraction', 'tourism']",21.01049525040454,107.29057478768394,"Cẩm Bình, Cẩm Phả, Quảng Ninh Province 01250, Vietnam",attraction,0.0,,,,,,,,,,,2025-10-22T02:13:34.556932
Attraction Quang Ninh 14,Quang Ninh,4.3,"['attraction', 'tourism']",21.010626000404542,107.2909867491298,"Cẩm Đông, Cẩm Phả, Quảng Ninh Province 01250, Vietnam",attraction,0.0,,,,,,,,,,,2025-10-22T02:13:34.556935
Attraction Quang Ninh 15,Quang Ninh,4.4,"['attraction', 'tourism']",21.010739150404543,107.29066736086244,"Cẩm Bình, Cẩm Phả, Quảng Ninh Province 01250, Vietnam",attraction,0.0,,,,,,,,,,,2025-10-22T02:13:34.556938
Attraction Quang Ninh 16,Quang Ninh,4.5,"['attraction', 'tourism']",21.011325750404545,107.29016355019229,"Cẩm Đông, Cẩm Phả, Quảng Ninh Province 01250, Vietnam",attraction,0.0,,,,,,,,,,,2025-10-22T02:13:34.556941
Attraction Quang Ninh 17,Quang Ninh,4.6,"['attraction', 'tourism']",21.002141750404387,107.27037303725584,"Cẩm Phả, Quảng Ninh Province, Vietnam",attraction,0.0,,,,,,,,,,,2025-10-22T02:13:34.556944
Attraction Quang Ninh 18,Quang Ninh,4.7,"['attraction', 'tourism']",21.028670300404862,107.3700342,"Cửa Ông, Quảng Ninh Province, Vietnam",attraction,0.0,,,,,,,,,,,2025-10-22T02:13:34.556947
Attraction,Cat Ba,4.0,"['attraction', 'tourism']",20.741923900398735,107.0502652,"Ha Sen, Hải Phòng, Vietnam",attraction,0.0,,,,,,,,,,,2025-10-22T02:13:45.083135
Vườn quốc gia Cát Bà,Cat Ba,4.1,"['attraction', 'tourism']",20.799919350400152,107.04390598591903,"Cát Hải District, Vietnam",attraction,0.0,,,,,,,,,,,2025-10-22T02:13:45.083150
Cho Cat Ba,Cat Ba,4.2,"['attraction', 'tourism']",20.727451100398362,107.04697909999999,"Phố Cát Bà, Hải Phòng, Vietnam",attraction,0.0,,,,,,,,,,,2025-10-22T02:13:45.083154
Moody’s Beach,Cat Ba,4.3,"['attraction', 'tourism']",20.757341600399123,107.0624354,"Cai Beo Street, Hải Phòng, Vietnam",attraction,0.0,,,,,,,,,,,2025-10-22T02:13:45.083158
Butterfly Valley,Cat Ba,4.4,"['attraction', 'tourism']",20.77114030039947,106.99490649999998,"Hung Son Road, Hải Phòng, Vietnam",attraction,0.0,,,,,,,,,,,2025-10-22T02:13:45.083161
Cannon Fort,Cat Ba,4.5,"['attraction', 'tourism']",20.723407800398252,107.0541879352644,"U-Tunnel, Hải Phòng, Vietnam",attraction,0.0,,,,,,,,,,,2025-10-22T02:13:45.083164
Ha Long Bay Heritage Site,Cat Ba,4.6,"['attraction', 'tourism']",20.815636100400532,107.10928059999999,"Vân Đồn Special Administrative Region, Vietnam",attraction,0.0,,,,,,,,,,,2025-10-22T02:13:45.083168
TAJ lake,Cat Ba,4.7,"['attraction', 'tourism']",20.799995950400152,107.00159764737415,"di Ao Ech, Hải Phòng, Vietnam",attraction,0.0,,,,,,,,,,,2025-10-22T02:13:45.083171
Artillery Marker Viewpoint,Cat Ba,4.8,"['attraction', 'tourism']",20.72316540039825,107.0524288,"Núi Ngọc, Hải Phòng, Vietnam",attraction,0.0,,,,,,,,,,,2025-10-22T02:13:45.083174
East Observatory,Cat Ba,4.9,"['attraction', 'tourism']",20.723746200398264,107.0550795,"U-Tunnel, Hải Phòng, Vietnam",attraction,0.0,,,,,,,,,,,2025-10-22T02:13:45.083177
Hang Quân Y,Cat Ba,4.0,"['attraction', 'tourism']",20.770093300399438,107.0207376,"Hung Son Road, Hải Phòng, Vietnam",attraction,0.0,,,,,,,,,,,2025-10-22T02:13:45.083181
West Observatory Site,Cat Ba,4.1,"['attraction', 'tourism']",20.72299740039824,107.0530753,"U-Tunnel, Hải Phòng, Vietnam",attraction,0.0,,,,,,,,,,,2025-10-22T02:13:45.083186
Anti Aircraft Artillery Site,Cat Ba,4.2,"['attraction', 'tourism']",20.72298740039825,107.05337439999998,Điểm tham quan tại Cat Ba,attraction,0.0,,,,,,,,,,,2025-10-22T02:13:45.083189
Cannon Number 1,Cat Ba,4.3,"['attraction', 'tourism']",20.723104700398245,107.05283289999998,"U-Tunnel, Hải Phòng, Vietnam",attraction,0.0,,,,,,,,,,,2025-10-22T02:13:45.083192
Historical Objects Showroom,Cat Ba,4.4,"['attraction', 'tourism']",20.723417000398264,107.0539021,"U-Tunnel, Hải Phòng, Vietnam",attraction,0.0,,,,,,,,,,,2025-10-22T02:13:45.083195
Ammunition Showroom,Cat Ba,4.5,"['attraction', 'tourism']",20.723402300398263,107.0546887,Điểm tham quan tại Cat Ba,attraction,0.0,,,,,,,,,,,2025-10-22T02:13:45.083198
Van boi trong,Cat Ba,4.6,"['attraction', 'tourism']",20.76011660039918,107.07842919999999,"Viet Hai pier, Hải Phòng, Vietnam",attraction,0.0,,,,,,,,,,,2025-10-22T02:13:45.083201
Điểm Biểu tượng ngắm Vịnh Cát Bà,Cat Ba,4.7,"['attraction', 'tourism']",20.725542200398316,107.05191139999998,"Núi Ngọc, Hải Phòng, Vietnam",attraction,0.0,,,,,,,,,,,2025-10-22T02:13:45.083205
Second canon,Cat Ba,4.8,"['attraction', 'tourism']",20.722693900398234,107.0547474,"U-Tunnel, Hải Phòng, Vietnam",attraction,0.0,,,,,,,,,,,2025-10-22T02:13:45.083208
Third canon,Cat Ba,4.9,"['attraction', 'tourism']",20.722058700398218,107.0548848,"U-Tunnel, Hải Phòng, Vietnam",attraction,0.0,,,,,,,,,,,2025-10-22T02:13:45.083211
Vườn quốc gia Hoàng Liên,Sapa,4.0,"['attraction', 'tourism']",22.248390550404903,103.87479485600701,"Lào Cai Province, Vietnam",attraction,0.0,,,,,,,,,,,2025-10-22T02:13:56.527462
Cát Cát,Sapa,4.1,"['attraction', 'tourism']",22.328532700403425,103.8346798,"Sa Pa, Lào Cai Province 31786, Vietnam",attraction,0.0,,,,,,,,,,,2025-10-22T02:13:56.527480
SaPa Museum,Sapa,4.2,"['attraction', 'tourism']",22.335457400403296,103.8399877,"103, Xuân Viên, Sa Pa, Lào Cai Province 31786, Vietnam",attraction,0.0,,,,,,,,,,,2025-10-22T02:13:56.527484
Alpine Coaster Sapa,Sapa,4.3,"['attraction', 'tourism']",22.322562900403543,103.8665646,"Tổ 3, Cầu Mây, Sa Pa, Lào Cai Province 33000, Vietnam",attraction,0.0,,,,,,,,,,,2025-10-22T02:13:56.527488
Cat Cat Bridge,Sapa,4.4,"['attraction', 'tourism']",22.328643300403428,103.82932619999998,"Sa Pa, Lào Cai Province 31786, Vietnam",attraction,0.0,,,,,,,,,,,2025-10-22T02:13:56.527491
Cầu Treo Lao Chải San II,Sapa,4.5,"['attraction', 'tourism']",22.31011830040378,103.86081959999999,"Suspension Bridge, Lào Cai Province 31786, Vietnam",attraction,0.0,,,,,,,,,,,2025-10-22T02:13:56.527497
Carved Boulder Museum,Sapa,4.6,"['attraction', 'tourism']",22.304065000403895,103.8985557,"Đường tỉnh 152, Cầu Mây, Tả Van, Lào Cai Province 33000, Vietnam",attraction,0.0,,,,,,,,,,,2025-10-22T02:13:56.527500
Tu viện Tả Phìn,Sapa,4.7,"['attraction', 'tourism']",22.37750090040243,103.851555,"ĐH.100, Tả Phìn, Lào Cai Province 33000, Vietnam",attraction,0.0,,,,,,,,,,,2025-10-22T02:13:56.527507
"View Point, altitute 2143m",Sapa,4.8,"['attraction', 'tourism']",22.33434210040331,103.7797703,"Đường đi từ Trạm Tôn đến Đỉnh núi Fansipan, Lào Cai Province, Vietnam",attraction,0.0,,,,,,,,,,,2025-10-22T02:13:56.527526
Trạm Tôn,Sapa,4.9,"['attraction', 'tourism']",22.355070200402903,103.76071989999998,"National Route 4D, Lai Châu Province, Vietnam",attraction,0.0,,,,,,,,,,,2025-10-22T02:13:56.527531
Waterfall Quy Khach,Sapa,4.0,"['attraction', 'tourism']",22.294095800404087,103.9053772,"Cầu Mây, Lào Cai Province, Vietnam",attraction,0.0,,,,,,,,,,,2025-10-22T02:13:56.527534
Christopher little waterfall,Sapa,4.1,"['attraction', 'tourism']",22.339782800403203,103.8072139,"Đường Sín Chải, Hoàng Liên, Lào Cai Province 31786, Vietnam",attraction,0.0,,,,,,,,,,,2025-10-22T02:13:56.527536
Fansipan Legend,Sapa,4.2,"['attraction', 'tourism']",22.33708290040326,103.8243335,"Đường Lý Thị Dủ, Hoàng Liên, Lào Cai Province 31786, Vietnam",attraction,0.0,,,,,,,,,,,2025-10-22T02:13:56.527539
rice hike,Sapa,4.3,"['attraction', 'tourism']",22.328725000403427,103.84177859999998,"Đường Violet, Sa Pa, Lào Cai Province 31786, Vietnam",attraction,0.0,,,,,,,,,,,2025-10-22T02:13:56.527542
Waterfall,Sapa,4.4,"['attraction', 'tourism']",22.360849500402782,103.7902987,"O Quy Ho Road, Phan Si Păng, Sa Pa, Lào Cai Province, Vietnam",attraction,0.0,,,,,,,,,,,2025-10-22T02:13:56.527544
Heaven's Gate,Sapa,4.5,"['attraction', 'tourism']",22.352974000402938,103.7648085,"National Route 4D, Lai Châu Province, Vietnam",attraction,0.0,,,,,,,,,,,2025-10-22T02:13:56.527547
Su Pan,Sapa,4.6,"['attraction', 'tourism']",22.29365650040409,103.9228442,"Mường Hoa, Lào Cai Province, Vietnam",attraction,0.0,,,,,,,,,,,2025-10-22T02:13:56.527549
Hau Thao,Sapa,4.7,"['attraction', 'tourism']",22.304145200403905,103.9078262,"Lào Cai Province, Vietnam",attraction,0.0,,,,,,,,,,,2025-10-22T02:13:56.527552
Hâu Thào village,Sapa,4.8,"['attraction', 'tourism']",22.31792600040364,103.89619099999999,"VMM trail 2015, Sa Pa, Lào Cai Province 33000, Vietnam",attraction,0.0,,,,,,,,,,,2025-10-22T02:13:56.527555
Heaven Sapa,Sapa,4.9,"['attraction', 'tourism']",22.330309000403393,103.83596789999999,"Cat Cat Road, Sa Pa, Lào Cai Province 31786, Vietnam",attraction,0.0,,,,,,,,,,,2025-10-22T02:13:56.527559
Khu Du lịch sinh Thái Tràng An,Ninh Binh,4.0,"['attraction', 'tourism']",20.253040300383045,105.91817959999999,"Tràng An, Hoa Lư, Ninh Bình Province 43000, Vietnam",attraction,0.0,,,,,,,,,,,2025-10-22T02:14:08.088917
Tam Cốc -Bích Động,Ninh Binh,4.1,"['attraction', 'tourism']",20.216342600381605,105.937457,"Thai Vi, Ninh Hải, Ninh Bình Province 43000, Vietnam",attraction,0.0,,,,,,,,,,,2025-10-22T02:14:08.088939
Trang An Boat Tours,Ninh Binh,4.2,"['attraction', 'tourism']",20.25276010038305,105.9184663,"Tràng An, Hoa Lư, Ninh Bình Province 08251, Vietnam",attraction,0.0,,,,,,,,,,,2025-10-22T02:14:08.088948
Hang Múa;Lying Dragon Top,Ninh Binh,4.3,"['attraction', 'tourism']",20.22954740038212,105.9342536,"Lotus lake boardwalk, Hoa Lư, Ninh Bình Province 08213, Vietnam",attraction,0.0,,,,,,,,,,,2025-10-22T02:14:08.088956
Cố đô Hoa Lư,Ninh Binh,4.4,"['attraction', 'tourism']",20.283483000384216,105.89959860108307,"Tràng An, Hoa Lư, Ninh Bình Province 08000, Vietnam",attraction,0.0,,,,,,,,,,,2025-10-22T02:14:08.088963
Cho Dong Van,Ninh Binh,4.5,"['attraction', 'tourism']",20.213876500381513,105.93461010000001,"Thai Vi, Ninh Hải, Ninh Bình Province 08213, Vietnam",attraction,0.0,,,,,,,,,,,2025-10-22T02:14:08.088971
Công viên Thúy Sơn,Ninh Binh,4.6,"['attraction', 'tourism']",20.259860800383315,105.98185673348216,"Đông Thành, Hoa Lư, Ninh Bình Province, Vietnam",attraction,0.0,,,,,,,,,,,2025-10-22T02:14:08.088979
Đền vua Lê Đại Hành,Ninh Binh,4.7,"['attraction', 'tourism']",20.28618330038432,105.90572835036005,"Quốc lộ 38B, Trường Yên, Ninh Bình Province 40000, Vietnam",attraction,0.0,,,,,,,,,,,2025-10-22T02:14:08.088988
Đền vua Đinh Tiên Hoàng,Ninh Binh,4.8,"['attraction', 'tourism']",20.284612350384258,105.90513733859926,"Quốc lộ 38B, Trường Yên, Ninh Bình Province 40000, Vietnam",attraction,0.0,,,,,,,,,,,2025-10-22T02:14:08.089001
công viên khủng long,Ninh Binh,4.9,"['attraction', 'tourism']",20.28018420038409,105.97437571394599,"Ninh Khánh, Hoa Lư, Ninh Bình Province, Vietnam",attraction,0.0,,,,,,,,,,,2025-10-22T02:14:08.089009
Công viên văn hóa Tràng An,Ninh Binh,4.0,"['attraction', 'tourism']",20.262470350383417,105.95622847390158,"Ninh Nhất, Ninh Bình Province, Vietnam",attraction,0.0,,,,,,,,,,,2025-10-22T02:14:08.089017
Tượng Đinh Tiên Hoàng,Ninh Binh,4.1,"['attraction', 'tourism']",20.270192700383706,105.96824533340518,"Đường Đinh Điền, Tân Thành, Hoa Lư, Ninh Bình Province 08212, Vietnam",attraction,0.0,,,,,,,,,,,2025-10-22T02:14:08.089029
Thien Huống Dong,Ninh Binh,4.2,"['attraction', 'tourism']",20.223649700381895,105.9314843,"Thai Vi, Ninh Hải, Ninh Bình Province 08213, Vietnam",attraction,0.0,,,,,,,,,,,2025-10-22T02:14:08.089038
Đàn Kính Thiên Tràng An,Ninh Binh,4.3,"['attraction', 'tourism']",20.2595953503833,105.87728943654436,"Quốc lộ 38B, Ninh Bình Province 08251, Vietnam",attraction,0.0,,,,,,,,,,,2025-10-22T02:14:08.089046
Hai Grotto,Ninh Binh,4.4,"['attraction', 'tourism']",20.23184450038222,105.919627,"Lotus lake boardwalk, Hoa Lư, Ninh Bình Province 08213, Vietnam",attraction,0.0,,,,,,,,,,,2025-10-22T02:14:08.089054
Ba Grotto,Ninh Binh,4.5,"['attraction', 'tourism']",20.233869800382305,105.9186668,"Lotus lake boardwalk, Hoa Lư, Ninh Bình Province 08213, Vietnam",attraction,0.0,,,,,,,,,,,2025-10-22T02:14:08.089062
Ca Grotto,Ninh Binh,4.6,"['attraction', 'tourism']",20.22808030038207,105.9309077,"Lotus lake boardwalk, Hoa Lư, Ninh Bình Province 08213, Vietnam",attraction,0.0,,,,,,,,,,,2025-10-22T02:14:08.089070
Lotte Cinema Ninh Bình,Ninh Binh,4.7,"['attraction', 'tourism']",20.242118500382627,106.00406159999999,"Đường Trần Nhân Tông, Ninh Sơn, Hoa Lư, Ninh Bình Province 08214, Vietnam",attraction,0.0,,,,,,,,,,,2025-10-22T02:14:08.089079
Exit of Mermaid Cave,Ninh Binh,4.8,"['attraction', 'tourism']",20.218636800381702,105.8898298,"Quốc lộ 12B, Tam Điệp, Ninh Bình Province 08213, Vietnam",attraction,0.0,,,,,,,,,,,2025-10-22T02:14:08.089090
Chùa Nhất Trụ,Ninh Binh,4.9,"['attraction', 'tourism']",20.287849200384375,105.9074323,"Quốc lộ 38B, Trường Yên, Ninh Bình Province 40000, Vietnam",attraction,0.0,,,,,,,,,,,2025-10-22T02:14:08.089098
Vườn quốc gia Tam Đảo,Tam Dao,4.0,"['attraction', 'tourism']",21.52888330041,105.58482648948558,"Xã Sơn Dương, Vietnam",attraction,0.0,,,,,,,,,,,2025-10-22T02:14:24.729213
Công viên Tam Đảo,Tam Dao,4.1,"['attraction', 'tourism']",21.455916200409693,105.64457742896771,"Tam Đảo, Phú Thọ Province, Vietnam",attraction,0.0,,,,,,,,,,,2025-10-22T02:14:24.729221
Thắc Bạc,Tam Dao,4.2,"['attraction', 'tourism']",21.476077200409787,105.60333189999999,"Đường lên Thiên Viện Trúc Lâm Tây Thiên, Đại Đình, Phú Thọ Province, Vietnam",attraction,0.0,,,,,,,,,,,2025-10-22T02:14:24.729224
peak near tower,Tam Dao,4.3,"['attraction', 'tourism']",21.464979000409738,105.64566919999999,"Quốc lộ 2B, Tam Đảo, Phú Thọ Province, Vietnam",attraction,0.0,,,,,,,,,,,2025-10-22T02:14:24.729226
Attraction Tam Dao 5,Tam Dao,4.4,"['attraction', 'tourism']",21.464627500409733,105.57634157818322,"Phú Thọ Province, Vietnam",attraction,0.0,,,,,,,,,,,2025-10-22T02:14:24.729229
Attraction Tam Dao 6,Tam Dao,4.5,"['attraction', 'tourism']",21.455087950409688,105.64395862534556,"Phú Thọ Province, Vietnam",attraction,0.0,,,,,,,,,,,2025-10-22T02:14:24.729236
Attraction Tam Dao 7,Tam Dao,4.6,"['attraction', 'tourism']",21.448758900409665,105.6307544,"Tam Đảo, Phú Thọ Province, Vietnam",attraction,0.0,,,,,,,,,,,2025-10-22T02:14:24.729239
Attraction Tam Dao 8,Tam Dao,4.7,"['attraction', 'tourism']",21.455154400409686,105.644028,"Tam Đảo, Phú Thọ Province, Vietnam",attraction,0.0,,,,,,,,,,,2025-10-22T02:14:24.729241
Công viên Địa chất,Nghe An,4.0,"['attraction', 'tourism']",18.666413450289884,105.66932204772512,"Cửa Nam, Vinh, Nghệ An Province, Vietnam",attraction,0.0,,,,,,,,,,,2025-10-22T02:14:36.103246
Công viên Tam Giác,Nghe An,4.1,"['attraction', 'tourism']",18.67733255029072,105.67488011747311,"Lê Lợi, Vinh, Nghệ An Province, Vietnam",attraction,0.0,,,,,,,,,,,2025-10-22T02:14:36.103255
Công viên Nguyễn Tất Thành,Nghe An,4.2,"['attraction', 'tourism']",18.67278525029037,105.6954473545074,"Trường Thi, Vinh, Nghệ An Province, Vietnam",attraction,0.0,,,,,,,,,,,2025-10-22T02:14:36.103259
Công viên VSIP Nghệ An,Nghe An,4.3,"['attraction', 'tourism']",18.677103750290705,105.63724149283198,"Khu CN VSIP Nghệ An, Hưng Nguyên, Nghệ An Province, Vietnam",attraction,0.0,,,,,,,,,,,2025-10-22T02:14:36.103262
Tượng cụ Huỳnh,Nghe An,4.4,"['attraction', 'tourism']",18.675356100290564,105.68325415601112,"Hồ Sỹ Dương, Hưng Bình, Vinh, Nghệ An Province, Vietnam",attraction,0.0,,,,,,,,,,,2025-10-22T02:14:36.103264
Làng Đô Yên,Nghe An,4.5,"['attraction', 'tourism']",18.63734860028762,105.6489212,"Trần Đình San, Cửa Nam, Vinh, Nghệ An Province, Vietnam",attraction,0.0,,,,,,,,,,,2025-10-22T02:14:36.103270
Ta Mon,Nghe An,4.6,"['attraction', 'tourism']",18.671437500290264,105.67161629999998,"Đào Tấn, Quang Trung, Vinh, Nghệ An Province, Vietnam",attraction,0.0,,,,,,,,,,,2025-10-22T02:14:36.103273
Nguyen Thi Minh Khai,Nghe An,4.7,"['attraction', 'tourism']",18.67159890029028,105.6745844,"Quang Trung, Quang Trung, Vinh, Nghệ An Province, Vietnam",attraction,0.0,,,,,,,,,,,2025-10-22T02:14:36.103275
Tien Mon,Nghe An,4.8,"['attraction', 'tourism']",18.66769680028998,105.6693082,"Đường Hào Thành, Quang Trung, Vinh, Nghệ An Province, Vietnam",attraction,0.0,,,,,,,,,,,2025-10-22T02:14:36.103278
Kien Cuong Bat Nhuat Vinh Quang Doi Doi,Nghe An,4.9,"['attraction', 'tourism']",18.67167250029029,105.6690426,"Đào Tấn, Quang Trung, Vinh, Nghệ An Province, Vietnam",attraction,0.0,,,,,,,,,,,2025-10-22T02:14:36.103281
Bao Tang Xo Viet Nghe-Tinh,Nghe An,4.0,"['attraction', 'tourism']",18.672078200290322,105.6693812,"Đào Tấn, Quang Trung, Vinh, Nghệ An Province, Vietnam",attraction,0.0,,,,,,,,,,,2025-10-22T02:14:36.103284
Noi Quy,Nghe An,4.1,"['attraction', 'tourism']",18.671604600290287,105.6748134,"Quang Trung, Quang Trung, Vinh, Nghệ An Province, Vietnam",attraction,0.0,,,,,,,,,,,2025-10-22T02:14:36.103287
Khu tổ hợp vui chơi,Nghe An,4.2,"['attraction', 'tourism']",18.676475500290657,105.67683490000002,"1, Lê Hồng Phong, Hưng Bình, Vinh, Nghệ An Province, Vietnam",attraction,0.0,,,,,,,,,,,2025-10-22T02:14:36.103289
Đền Ông Hoàng Mười - Lăng mộ,Nghe An,4.3,"['attraction', 'tourism']",18.640896600287906,105.69162439999998,"National Route 1 bypassing Vinh city, Trung Đô, Vinh, Nghệ An Province, Vietnam",attraction,0.0,,,,,,,,,,,2025-10-22T02:14:36.103292
Khu lưu niệm Đại Thi Hào Nguyễn Du,Nghe An,4.4,"['attraction', 'tourism']",18.664765700289756,105.7667208,"National Route 8, Tiên Điền, Hà Tĩnh Province 45506, Vietnam",attraction,0.0,,,,,,,,,,,2025-10-22T02:14:36.103294
Bảo tàng Quân khu 4,Nghe An,4.5,"['attraction', 'tourism']",18.65796210028923,105.694656,"Lê Duẩn, Trung Đô, Vinh, Nghệ An Province, Vietnam",attraction,0.0,,,,,,,,,,,2025-10-22T02:14:36.103299
V.I. Lê-nin,Nghe An,4.6,"['attraction', 'tourism']",18.67676490029068,105.69475829999999,"Nguyễn Phong Sắc, Hưng Dũng, Vinh, Nghệ An Province, Vietnam",attraction,0.0,,,,,,,,,,,2025-10-22T02:14:36.103301
Türkiye parkı,Nghe An,4.7,"['attraction', 'tourism']",18.67450850029051,105.67433719999998,"Quang Trung, Vinh, Nghệ An Province, Vietnam",attraction,0.0,,,,,,,,,,,2025-10-22T02:14:36.103306
中国公园,Nghe An,4.8,"['attraction', 'tourism']",18.67636590029066,105.67650039999998,"Hưng Bình, Vinh, Nghệ An Province, Vietnam",attraction,0.0,,,,,,,,,,,2025-10-22T02:14:36.103309
Attraction Nghe An 20,Nghe An,4.9,"['attraction', 'tourism']",18.66852275029004,105.68739892872165,"Vinh, Nghệ An Province, Vietnam",attraction,0.0,,,,,,,,,,,2025-10-22T02:14:36.103312
Chứng tích nhà thờ Tam tòa,Quang Binh,4.0,"['attraction', 'tourism']",17.475000450184094,106.62335010230639,"Nguyen Du Road, Dong Hoi Ward, Quảng Trị Province, Vietnam",attraction,0.0,,,,,,,,,,,2025-10-22T02:14:48.068942
Bao Ninh Beach,Quang Binh,4.1,"['attraction', 'tourism']",17.46553355018316,106.64412534103606,"Dong Hoi Ward, Quảng Trị Province, Vietnam",attraction,0.0,,,,,,,,,,,2025-10-22T02:14:48.068952
Quảng Bình Quan,Quang Binh,4.2,"['attraction', 'tourism']",17.46333675018294,106.62405294999999,"Quang Trung Road, Dong Hoi Ward, Quảng Trị Province, Vietnam",attraction,0.0,,,,,,,,,,,2025-10-22T02:14:48.068955
Thánh đường Giáo Xứ Tam Tòa,Quang Binh,4.3,"['attraction', 'tourism']",17.46425455018303,106.60706736021984,"Pham Van Dong road, Dong Hoi Ward, Quảng Trị Province, Vietnam",attraction,0.0,,,,,,,,,,,2025-10-22T02:14:48.068963
Tượng đài Bác Hồ,Quang Binh,4.4,"['attraction', 'tourism']",17.46789140018339,106.62147909330801,"Nguyen Thi Minh Khai Road, Dong Hoi Ward, Quảng Trị Province, Vietnam",attraction,0.0,,,,,,,,,,,2025-10-22T02:14:48.068965
Công viên Trung Tâm Thành Phố,Quang Binh,4.5,"['attraction', 'tourism']",17.473673200183967,106.60853128720277,"Dong Hoi Ward, Quảng Trị Province, Vietnam",attraction,0.0,,,,,,,,,,,2025-10-22T02:14:48.068968
Cổng số 1,Quang Binh,4.6,"['attraction', 'tourism']",17.481583600184752,106.6080135432242,"Nguyen Van Linh Road, Dong Thuan Ward, Dong Hoi Ward, Quảng Trị Province, Vietnam",attraction,0.0,,,,,,,,,,,2025-10-22T02:14:48.068971
Cổng số 2,Quang Binh,4.7,"['attraction', 'tourism']",17.483800750184965,106.60585933683149,"Ly Thuong Kiet Road, Dong Thuan Ward, Quảng Trị Province, Vietnam",attraction,0.0,,,,,,,,,,,2025-10-22T02:14:48.068973
Cổng số 3,Quang Binh,4.8,"['attraction', 'tourism']",17.482321400184823,106.60432895528231,"Huu Nghi Road, Dong Thuan Ward, Dong Hoi Ward, Quảng Trị Province, Vietnam",attraction,0.0,,,,,,,,,,,2025-10-22T02:14:48.068991
Khu trữ nước tại công viên Cầu Rào,Quang Binh,4.9,"['attraction', 'tourism']",17.4730327501839,106.60985817423864,"Dong Hoi Ward, Quảng Trị Province, Vietnam",attraction,0.0,,,,,,,,,,,2025-10-22T02:14:48.068994
Công viên Angel Park,Quang Binh,4.0,"['attraction', 'tourism']",17.4559203001822,106.64545670694577,"Dong Hoi Ward, Quảng Trị Province, Vietnam",attraction,0.0,,,,,,,,,,,2025-10-22T02:14:48.068996
Quảng trường Hồ chí Minh,Quang Binh,4.1,"['attraction', 'tourism']",17.467898950183393,106.6216397792085,"Dong Hoi Ward, Quảng Trị Province, Vietnam",attraction,0.0,,,,,,,,,,,2025-10-22T02:14:48.068998
Công viên Cá Heo,Quang Binh,4.2,"['attraction', 'tourism']",17.468891200183485,106.60921574339652,"Dong Hoi Ward, Quảng Trị Province, Vietnam",attraction,0.0,,,,,,,,,,,2025-10-22T02:14:48.069000
Ngã ba Rình Rình Nhánh Đông HCM,Quang Binh,4.3,"['attraction', 'tourism']",17.483907700184975,106.5317896,"East Ho Chi Minh Highway, Nam Trach commune, Quảng Trị Province, Vietnam",attraction,0.0,,,,,,,,,,,2025-10-22T02:14:48.069004
Nhà ông bà ngoại Subell,Quang Binh,4.4,"['attraction', 'tourism']",17.45746580018235,106.61220899999998,"Nguyen Van Cu road, Dong Hoi Ward, Quảng Trị Province, Vietnam",attraction,0.0,,,,,,,,,,,2025-10-22T02:14:48.069007
Cau Nhat Le,Quang Binh,4.5,"['attraction', 'tourism']",17.472364800183836,106.62699439999999,"Nhat Le 1 Bridge, Dong Hoi Ward, Quảng Trị Province, Vietnam",attraction,0.0,,,,,,,,,,,2025-10-22T02:14:48.069009
Tuan Viet Center,Quang Binh,4.6,"['attraction', 'tourism']",17.463192200182924,106.62479889999999,"Me Suot Road, Dong Hoi Ward, Quảng Trị Province, Vietnam",attraction,0.0,,,,,,,,,,,2025-10-22T02:14:48.069011
Cảng Đồng Hới,Quang Binh,4.7,"['attraction', 'tourism']",17.475325100184122,106.62328839999999,"Nguyen Du Road, Dong Hoi Ward, Quảng Trị Province, Vietnam",attraction,0.0,,,,,,,,,,,2025-10-22T02:14:48.069013
Children Statue,Quang Binh,4.8,"['attraction', 'tourism']",17.475999800184187,106.6235837,"Nguyen Du Road, Dong Hoi Ward, Quảng Trị Province, Vietnam",attraction,0.0,,,,,,,,,,,2025-10-22T02:14:48.069015
Dolphin statue,Quang Binh,4.9,"['attraction', 'tourism']",17.476630200184253,106.62390719999999,"Nguyen Du Road, Dong Hoi Ward, Quảng Trị Province, Vietnam",attraction,0.0,,,,,,,,,,,2025-10-22T02:14:48.069018
Trung tâm Nghệ thuật Điềm Phùng Thị,Thua Thien Hue,4.0,"['attraction', 'tourism']",16.46696445007744,107.58957213056016,"17, Lê Lợi, Phường Thuận Hóa, Huế, Huế 54000, Vietnam",attraction,0.0,,,,,,,,,,,2025-10-22T02:14:59.359767
Khai Dinh,Thua Thien Hue,4.2,"['attraction', 'tourism']",16.398953700069846,107.59028009999999,"Đường Đại Nam, Thuận Hóa District, Huế 530000, Vietnam",attraction,0.0,,,,,,,,,,,2025-10-22T02:14:59.359782
Hoàng Thành Huế,Thua Thien Hue,4.3,"['attraction', 'tourism']",16.46897260007767,107.57812659999999,"Dai Trieu Ground, Phường Phú Xuân, Huế, Huế 54000, Vietnam",attraction,0.0,,,,,,,,,,,2025-10-22T02:14:59.359785
Cinestar Huế,Thua Thien Hue,4.4,"['attraction', 'tourism']",16.460783500076754,107.58976559999999,"25, Hai Bà Trưng, Phường Thuận Hóa, Huế, Huế 54000, Vietnam",attraction,0.0,,,,,,,,,,,2025-10-22T02:14:59.359787
Ngọ Môn,Thua Thien Hue,4.5,"['attraction', 'tourism']",16.46768370007752,107.57907967625349,"Cầu Ngoại Kim Thuỷ, Phường Phú Xuân, Huế, Huế 54000, Vietnam",attraction,0.0,,,,,,,,,,,2025-10-22T02:14:59.359790
Bửu Thành,Thua Thien Hue,4.6,"['attraction', 'tourism']",16.38792565006861,107.56680235943068,"Thông Minh Chính Trực Bridge, Phú Xuân District, Huế, Vietnam",attraction,0.0,,,,,,,,,,,2025-10-22T02:14:59.359793
Bảo tàng Hồ Chí Minh,Thua Thien Hue,4.7,"['attraction', 'tourism']",16.459624900076626,107.58110825370926,"7, Lê Lợi, Phường Thuận Hóa, Huế, Huế 54000, Vietnam",attraction,0.0,,,,,,,,,,,2025-10-22T02:14:59.359796
Nha Trung Bay Nong Cu,Thua Thien Hue,4.8,"['attraction', 'tourism']",16.46677910007743,107.64212528985712,"Thanh Toan Bridge, Thanh Toàn, Huế, Vietnam",attraction,0.0,,,,,,,,,,,2025-10-22T02:14:59.359802
Điện Thái Hòa,Thua Thien Hue,4.9,"['attraction', 'tourism']",16.46874445007765,107.57838670071291,"Dai Trieu Ground, Phường Phú Xuân, Huế, Huế 54000, Vietnam",attraction,0.0,,,,,,,,,,,2025-10-22T02:14:59.359805
Bảo tàng Cổ vật Cung đình Huế,Thua Thien Hue,4.0,"['attraction', 'tourism']",16.47130790007793,107.58194489875714,"Đinh Công Tráng, Phường Phú Xuân, Huế, Huế 54000, Vietnam",attraction,0.0,,,,,,,,,,,2025-10-22T02:14:59.359810
Nhà hát Sông Hương,Thua Thien Hue,4.1,"['attraction', 'tourism']",16.459032750076567,107.57730344240875,"1, Le Loi Street, Phường Thuận Hóa, Huế, Huế 54000, Vietnam",attraction,0.0,,,,,,,,,,,2025-10-22T02:14:59.359813
Cung An Định,Thua Thien Hue,4.2,"['attraction', 'tourism']",16.456634300076303,107.5983094,"179, Phan Đình Phùng, Phường Thuận Hóa, Huế, Huế 54000, Vietnam",attraction,0.0,,,,,,,,,,,2025-10-22T02:14:59.359816
Ho Thuy Tien,Thua Thien Hue,4.3,"['attraction', 'tourism']",16.409498700071023,107.5770314,"Thủy Tiên, Thuận Hóa District, Huế 54000, Vietnam",attraction,0.0,,,,,,,,,,,2025-10-22T02:14:59.359818
Boi Tran Garden,Thua Thien Hue,4.4,"['attraction', 'tourism']",16.407443300070792,107.58463929999999,"Đường Đại Nam, Thuận Hóa District, Huế, Vietnam",attraction,0.0,,,,,,,,,,,2025-10-22T02:14:59.359821
Lăng Minh Mạng,Thua Thien Hue,4.5,"['attraction', 'tourism']",16.387754450068584,107.56778324774305,"Minh Mang, Phú Xuân District, Huế, Vietnam",attraction,0.0,,,,,,,,,,,2025-10-22T02:14:59.359824
Lăng Tự Đức,Thua Thien Hue,4.6,"['attraction', 'tourism']",16.433039850073666,107.56551590375688,"Đường Đoàn Nhữ Hải, Thuận Hóa District, Huế 54000, Vietnam",attraction,0.0,,,,,,,,,,,2025-10-22T02:14:59.359826
Lăng Dục Đức,Thua Thien Hue,4.7,"['attraction', 'tourism']",16.452246050075807,107.59307842058533,"Duy Tân, Phường An Cựu, Huế, Huế 54000, Vietnam",attraction,0.0,,,,,,,,,,,2025-10-22T02:14:59.359829
Lăng Đồng Khánh,Thua Thien Hue,4.8,"['attraction', 'tourism']",16.429636200073283,107.56852263090434,"Đường Đoàn Nhữ Hải, Thuận Hóa District, Huế 54000, Vietnam",attraction,0.0,,,,,,,,,,,2025-10-22T02:14:59.359833
Vòng Thành,Thua Thien Hue,4.9,"['attraction', 'tourism']",16.476075800078462,107.55986400382082,"Lương Y, Phường Phú Xuân, Huế, Huế 54000, Vietnam",attraction,0.0,,,,,,,,,,,2025-10-22T02:14:59.359836
