name,city,rating,types,latitude,longitude,description,category,price_level,cuisine_type,specialties,amenities,room_types,food_type,historical_period,special_features,entertainment_type,wellness_type,family_type,created_at
Quan An Ngon,Hanoi,4.5,"['restaurant', 'traditional', 'local']",21.0255,105.8542,Nhà hàng phở nổi tiếng nhất Hà Nội,traditional_restaurant,2.0,Vietnamese,"['pho_bo', 'pho_ga', 'bun_cha']",,,,,,,,,
Cha Ca La Vong,Hanoi,4.4,"['restaurant', 'historic', 'specialty']",21.0255,105.8542,Nhà hàng chả cá lã Vọng lịch sử,specialty_restaurant,3.0,Vietnamese,"['cha_ca_la_vong', 'nem_cua_be']",,,,,,,,,
Bun Cha Huong Lien,Hanoi,4.6,"['restaurant', 'famous', 'local']",21.0255,105.8542,Quán bún chả Obama đã ăn,famous_restaurant,1.0,Vietnamese,"['bun_cha', 'nem_ran']",,,,,,,,,
Com Ga Hai Nam,Hanoi,4.3,"['restaurant', 'chicken', 'local']",21.0255,105.8542,Cơm gà Hải Nam nổi tiếng,chicken_restaurant,2.0,Vietnamese,"['com_ga_hai_nam', 'ga_nuong']",,,,,,,,,
Banh Cuon Ba Hoanh,Hanoi,4.2,"['restaurant', 'breakfast', 'local']",21.0255,105.8542,Bánh cuốn bà Hoành ngon nhất,breakfast_restaurant,1.0,Vietnamese,"['banh_cuon', 'banh_xeo']",,,,,,,,,
Ngon Villa Saigon,Ho Chi Minh City,4.4,"['restaurant', 'traditional', 'upscale']",10.7796,106.6992,Nhà hàng Việt Nam cao cấp,upscale_restaurant,3.0,Vietnamese,"['pho', 'bun_bo_hue', 'com_tam']",,,,,,,,,
Quan Ut Ut,Ho Chi Minh City,4.5,"['restaurant', 'bbq', 'popular']",10.7796,106.6992,Quán BBQ nổi tiếng nhất Sài Gòn,bbq_restaurant,2.0,Vietnamese,"['thit_nuong', 'nem_nuong']",,,,,,,,,
Com Tam Cali,Ho Chi Minh City,4.3,"['restaurant', 'rice', 'local']",10.7796,106.6992,Cơm tấm Cali ngon nhất,rice_restaurant,1.0,Vietnamese,"['com_tam', 'suon_nuong']",,,,,,,,,
Banh Mi Huynh Hoa,Ho Chi Minh City,4.6,"['restaurant', 'sandwich', 'famous']",10.7796,106.6992,Bánh mì Huỳnh Hoa nổi tiếng,sandwich_shop,1.0,Vietnamese,"['banh_mi_thit', 'banh_mi_pate']",,,,,,,,,
Pho Le,Ho Chi Minh City,4.4,"['restaurant', 'pho', 'chain']",10.7796,106.6992,Phở Lê chuỗi nổi tiếng,pho_chain,2.0,Vietnamese,"['pho_bo', 'pho_ga']",,,,,,,,,
Morning Glory Restaurant,Hoi An,4.7,"['restaurant', 'traditional', 'upscale']",15.8786049,108.3348312,Nhà hàng truyền thống cao cấp,upscale_restaurant,3.0,Vietnamese,"['cao_lau', 'banh_xeo', 'white_rose']",,,,,,,,,
Cargo Club,Hoi An,4.5,"['restaurant', 'fusion', 'modern']",15.8786049,108.3348312,Nhà hàng fusion hiện đại,fusion_restaurant,3.0,Fusion,"['cao_lau_fusion', 'banh_mi_fusion']",,,,,,,,,
Banh Mi Phuong,Hoi An,4.6,"['restaurant', 'sandwich', 'famous']",15.8786049,108.3348312,Bánh mì Phượng nổi tiếng,sandwich_shop,1.0,Vietnamese,"['banh_mi_thit', 'banh_mi_cha_ca']",,,,,,,,,
White Rose Restaurant,Hoi An,4.4,"['restaurant', 'specialty', 'traditional']",15.8786049,108.3348312,Nhà hàng bánh bao trắng,specialty_restaurant,2.0,Vietnamese,"['white_rose', 'cao_lau']",,,,,,,,,
Com Ga Ba Buoi,Hoi An,4.3,"['restaurant', 'chicken', 'local']",15.8786049,108.3348312,Cơm gà bà Buội ngon,chicken_restaurant,2.0,Vietnamese,"['com_ga', 'ga_nuong']",,,,,,,,,
Lac Thien Restaurant,Hue,4.4,"['restaurant', 'vegetarian', 'traditional']",16.4689732,107.578125,Nhà hàng chay nổi tiếng,vegetarian_restaurant,2.0,Vegetarian,"['com_chay', 'bun_chay']",,,,,,,,,
Quan Com Hue,Hue,4.5,"['restaurant', 'traditional', 'royal']",16.4689732,107.578125,Quán cơm Huế hoàng gia,royal_restaurant,2.0,Vietnamese,"['com_hen', 'bun_bo_hue']",,,,,,,,,
Banh Khoai Co Ba,Hue,4.3,"['restaurant', 'pancake', 'local']",16.4689732,107.578125,Bánh khoái cô Ba,pancake_restaurant,1.0,Vietnamese,"['banh_khoai', 'banh_loc']",,,,,,,,,
Nem Lui Co Ba,Hue,4.2,"['restaurant', 'grilled', 'local']",16.4689732,107.578125,Nem lụi cô Ba,grilled_restaurant,1.0,Vietnamese,"['nem_lui', 'thit_nuong']",,,,,,,,,
Bun Bo Hue O Le,Hue,4.6,"['restaurant', 'soup', 'famous']",16.4689732,107.578125,Bún bò Huế Ô Lê,soup_restaurant,2.0,Vietnamese,"['bun_bo_hue', 'bun_hen']",,,,,,,,,
Waterfront Restaurant,Da Nang,4.5,"['restaurant', 'seafood', 'waterfront']",16.0567,108.2456,Nhà hàng hải sản bên sông,seafood_restaurant,3.0,Seafood,"['ca_nuong', 'tom_su', 'cua_bien']",,,,,,,,,
Lam Vien Restaurant,Da Nang,4.4,"['restaurant', 'traditional', 'local']",16.0567,108.2456,Nhà hàng Lâm Viên truyền thống,traditional_restaurant,2.0,Vietnamese,"['mi_quang', 'banh_xeo']",,,,,,,,,
Mi Quang Ba Mua,Da Nang,4.6,"['restaurant', 'noodles', 'famous']",16.0567,108.2456,Mì Quảng bà Mua,noodle_restaurant,1.0,Vietnamese,"['mi_quang', 'banh_trang_cuon']",,,,,,,,,
Banh Xeo Ba Duong,Da Nang,4.3,"['restaurant', 'pancake', 'local']",16.0567,108.2456,Bánh xèo bà Dương,pancake_restaurant,1.0,Vietnamese,"['banh_xeo', 'nem_lui']",,,,,,,,,
Com Ga Ba Lu,Da Nang,4.2,"['restaurant', 'chicken', 'local']",16.0567,108.2456,Cơm gà bà Lữ,chicken_restaurant,1.0,Vietnamese,"['com_ga', 'ga_nuong']",,,,,,,,,
Lac Canh Restaurant,Nha Trang,4.5,"['restaurant', 'bbq', 'famous']",12.2388,109.1967,Nhà hàng BBQ Lạc Cảnh,bbq_restaurant,2.0,Vietnamese,"['thit_nuong', 'nem_nuong']",,,,,,,,,
Yen's Restaurant,Nha Trang,4.4,"['restaurant', 'seafood', 'local']",12.2388,109.1967,Nhà hàng hải sản Yến,seafood_restaurant,2.0,Seafood,"['ca_nuong', 'tom_su', 'cua_bien']",,,,,,,,,
Banh Can Cau Vong,Nha Trang,4.3,"['restaurant', 'pancake', 'local']",12.2388,109.1967,Bánh căn cầu vồng,pancake_restaurant,1.0,Vietnamese,"['banh_can', 'banh_xeo']",,,,,,,,,
Bun Sua Cay Tre,Nha Trang,4.6,"['restaurant', 'noodles', 'famous']",12.2388,109.1967,Bún sứa cây tre,noodle_restaurant,1.0,Vietnamese,"['bun_sua', 'bun_rieu']",,,,,,,,,
Com Ga Nha Trang,Nha Trang,4.2,"['restaurant', 'chicken', 'local']",12.2388,109.1967,Cơm gà Nha Trang,chicken_restaurant,1.0,Vietnamese,"['com_ga', 'ga_nuong']",,,,,,,,,
Goc Ha Thanh Restaurant,Da Lat,4.4,"['restaurant', 'traditional', 'mountain']",11.9404,108.4583,Nhà hàng Góc Hà Thành,traditional_restaurant,2.0,Vietnamese,"['com_ga', 'bun_bo']",,,,,,,,,
Quan Nem Nuong Ba Hien,Da Lat,4.5,"['restaurant', 'grilled', 'famous']",11.9404,108.4583,Quán nem nướng bà Hiền,grilled_restaurant,2.0,Vietnamese,"['nem_nuong', 'thit_nuong']",,,,,,,,,
Banh Mi Ong Ba,Da Lat,4.3,"['restaurant', 'sandwich', 'local']",11.9404,108.4583,Bánh mì ông Bà,sandwich_shop,1.0,Vietnamese,"['banh_mi_thit', 'banh_mi_pate']",,,,,,,,,
Com Ga Da Lat,Da Lat,4.2,"['restaurant', 'chicken', 'local']",11.9404,108.4583,Cơm gà Đà Lạt,chicken_restaurant,1.0,Vietnamese,"['com_ga', 'ga_nuong']",,,,,,,,,
Bun Bo Da Lat,Da Lat,4.1,"['restaurant', 'soup', 'local']",11.9404,108.4583,Bún bò Đà Lạt,soup_restaurant,1.0,Vietnamese,"['bun_bo', 'bun_rieu']",,,,,,,,,
Ganh Hao Restaurant,Phu Quoc,4.6,"['restaurant', 'seafood', 'famous']",10.2899,103.984,Nhà hàng hải sản Gành Hào,seafood_restaurant,3.0,Seafood,"['ca_nuong', 'tom_su', 'cua_bien']",,,,,,,,,
Rory's Beach Bar,Phu Quoc,4.4,"['restaurant', 'bar', 'beachfront']",10.2899,103.984,Quán bar bãi biển Rory,beach_bar,2.0,International,"['seafood', 'cocktails', 'bbq']",,,,,,,,,
Banh Mi Phu Quoc,Phu Quoc,4.3,"['restaurant', 'sandwich', 'local']",10.2899,103.984,Bánh mì Phú Quốc,sandwich_shop,1.0,Vietnamese,"['banh_mi_thit', 'banh_mi_pate']",,,,,,,,,
Com Ga Phu Quoc,Phu Quoc,4.2,"['restaurant', 'chicken', 'local']",10.2899,103.984,Cơm gà Phú Quốc,chicken_restaurant,1.0,Vietnamese,"['com_ga', 'ga_nuong']",,,,,,,,,
Bun Ca Phu Quoc,Phu Quoc,4.1,"['restaurant', 'soup', 'local']",10.2899,103.984,Bún cá Phú Quốc,soup_restaurant,1.0,Vietnamese,"['bun_ca', 'bun_rieu']",,,,,,,,,
Blnk Cafe,Hai Phong,4.0,"['restaurant', 'food']",20.83549490040098,106.68905530000002,"27, Phố Ngô Kim Tài, Phường Lê Chân, Hải Phòng, 18000, Vietnam",restaurant,0.0,vietnamese,,,,vietnamese,,,,,,2025-10-22T02:13:04.101679
Cosy cà phê 1985s,Hai Phong,4.1,"['restaurant', 'food']",20.81190495040044,106.62415134999999,"318, Phố Hòa Bình, Phường Kiến An, Hải Phòng, Vietnam",restaurant,0.0,vietnamese,,,,vietnamese,,,,,,2025-10-22T02:13:04.101690
E-COFFEE Việt Nam,Hai Phong,4.2,"['restaurant', 'food']",20.829798500400845,106.70111399999999,"32, Phố Ngô Gia Tự, Phường Hải An, Hải Phòng, 18000, Vietnam",restaurant,0.0,vietnamese,,,,vietnamese,,,,,,2025-10-22T02:13:04.101694
Vườn Bia 69,Hai Phong,4.3,"['restaurant', 'food']",20.834658900400957,106.7235803,"Số 5, Phố Trần Hoàn, Phường Hải An, Hải Phòng, 04813, Vietnam",restaurant,0.0,vietnamese,,,,vietnamese,,,,,,2025-10-22T02:13:04.101697
LUCY BOARDGAME,Hai Phong,4.4,"['restaurant', 'food']",20.836542800401006,106.69027579999998,"38, Phố Lê Văn Thuyết, Phường Lê Chân, Hải Phòng, 18000, Vietnam",restaurant,0.0,vietnamese,,,,vietnamese,,,,,,2025-10-22T02:13:04.101699
Khoảng Trời Hạnh Phúc,Hai Phong,4.5,"['restaurant', 'food']",20.838010400401043,106.690864,"1/33, Ngõ 8 Nguyễn Bình, Phường Lê Chân, Hải Phòng, 18000, Vietnam",restaurant,0.0,vietnamese,,,,vietnamese,,,,,,2025-10-22T02:13:04.101702
August Coffee & Tea,Hai Phong,4.6,"['restaurant', 'food']",20.897972400402352,106.6874351,"xóm giữa Dương Quan, Đông Nam, Hải Phòng, 04340, Vietnam",restaurant,0.0,vietnamese,,,,vietnamese,,,,,,2025-10-22T02:13:04.101704
Trà Cúc Trang Tít,Hai Phong,4.7,"['restaurant', 'food']",20.804006850400253,106.6247939,"30, Phố Phan Đăng Lưu, Phường Kiến An, Hải Phòng, Vietnam",restaurant,0.0,vietnamese,,,,vietnamese,,,,,,2025-10-22T02:13:04.101706
Ma vie,Hai Phong,4.8,"['restaurant', 'food']",20.85924180040151,106.69341809999999,"41, Phố Lê Lợi, Phường Gia Viên, Hải Phòng, 18000, Vietnam",restaurant,0.0,vietnamese,,,,vietnamese,,,,,,2025-10-22T02:13:04.101708
Effoc coffee,Hai Phong,4.9,"['restaurant', 'food']",20.859858000401523,106.68130630000002,"56, Hoang Van Thu Bridge, Phường Hồng Bàng, Hải Phòng, 18000, Vietnam",restaurant,0.0,vietnamese,,,,vietnamese,,,,,,2025-10-22T02:13:04.101712
Cộng Cà Phê,Hai Phong,4.0,"['restaurant', 'food']",20.861816900401575,106.68163479999998,"84, Phố Điện Biên Phủ, Phường Hồng Bàng, Hải Phòng, 18000, Vietnam",restaurant,0.0,vietnamese,,,,vietnamese,,,,,,2025-10-22T02:13:04.101716
老板-中国餐厅,Hai Phong,4.1,"['restaurant', 'food']",20.850085500401306,106.67556069999999,"297, Phố Tô Hiệu, Phường Lê Chân, Hải Phòng, 18000, Vietnam",restaurant,0.0,vietnamese,,,,vietnamese,,,,,,2025-10-22T02:13:04.101718
Jollibee,Hai Phong,4.2,"['restaurant', 'food']",20.803367900400243,106.6259921,"Vòng xuyến Kiến An, Phường Kiến An, Hải Phòng, Vietnam",restaurant,0.0,vietnamese,,,,vietnamese,,,,,,2025-10-22T02:13:04.101720
Gà Dương Hậu,Hai Phong,4.3,"['restaurant', 'food']",20.82236115040068,106.64514582936545,"116, Đường Lê Duẩn, Phường Kiến An, Hải Phòng, 18000, Vietnam",restaurant,0.0,vietnamese,,,,vietnamese,,,,,,2025-10-22T02:13:04.101722
Thái Hòa Viên,Hai Phong,4.4,"['restaurant', 'food']",20.82421610040073,106.6990271,"Đường Phạm Văn Đồng, Phường Hưng Đạo, Hải Phòng, 18000, Vietnam",restaurant,0.0,vietnamese,,,,vietnamese,,,,,,2025-10-22T02:13:04.101724
Pizza Hut,Hai Phong,4.5,"['restaurant', 'food']",20.85164690040135,106.6835122,"91, Phố Tô Hiệu, Phường Lê Chân, Hải Phòng, 18000, Vietnam",restaurant,0.0,vietnamese,,,,vietnamese,,,,,,2025-10-22T02:13:04.101726
Tuấn thảo,Hai Phong,4.6,"['restaurant', 'food']",20.846644500401236,106.6901153,"28, Ngõ Nhà Thờ, Phường Lê Chân, Hải Phòng, 18000, Vietnam",restaurant,0.0,vietnamese,,,,vietnamese,,,,,,2025-10-22T02:13:04.101728
Nhà hàng Lẩu dê nhất ly,Hai Phong,4.7,"['restaurant', 'food']",20.849442000401293,106.6720503,"428, Phố Tô Hiệu, Phường Lê Chân, Hải Phòng, 18000, Vietnam",restaurant,0.0,vietnamese,,,,vietnamese,,,,,,2025-10-22T02:13:04.101730
Nhà hàng Gia Viên,Hai Phong,4.8,"['restaurant', 'food']",20.861960000401567,106.67617409999998,"2b, Phố Bạch Đằng, Phường Hồng Bàng, Hải Phòng, 18000, Vietnam",restaurant,0.0,vietnamese,,,,vietnamese,,,,,,2025-10-22T02:13:04.101732
TT Coffee,Hai Phong,4.9,"['restaurant', 'food']",20.86779870040171,106.6203004,"Quốc lộ 17B, An Dương, Hải Phòng, 35999, Vietnam",restaurant,0.0,vietnamese,,,,vietnamese,,,,,,2025-10-22T02:13:04.101736
Rock House Pizza,Ha Long,4.0,"['restaurant', 'food']",20.950647400403422,107.0757861,"12, Phố Văn Lang, Trần Hưng Đạo, Hạ Long, Quảng Ninh Province 01000, Vietnam",restaurant,0.0,vietnamese,,,,vietnamese,,,,,,2025-10-22T02:13:17.334249
Freshie,Ha Long,4.1,"['restaurant', 'food']",20.946006100403334,107.1031161,"Tran Quoc Nghien Road, Phường Hạ Long, Hạ Long, Quảng Ninh Province 01100, Vietnam",restaurant,0.0,vietnamese,,,,vietnamese,,,,,,2025-10-22T02:13:17.334258
Nhà Hàng Phương Nam 2 (NH Ngọc Phương Nam 2),Ha Long,4.2,"['restaurant', 'food']",20.946370200403333,107.0328312,"LV2, 03, Sun Premier Village, Đường Hạ Long, Bãi Cháy, Hạ Long, Quảng Ninh Province 01000, Vietnam",restaurant,0.0,vietnamese,,,,vietnamese,,,,,,2025-10-22T02:13:17.334261
Quán ăn vặt Ba Sói,Ha Long,4.3,"['restaurant', 'food']",20.979008000403958,107.02042620000002,"Lê Văn Hưu, Phường Việt Hưng, Hạ Long, Quảng Ninh Province, Vietnam",restaurant,0.0,vietnamese,,,,vietnamese,,,,,,2025-10-22T02:13:17.334263
14 Pizza Halong,Ha Long,4.4,"['restaurant', 'food']",20.95406050040348,107.02369269999998,"17, Phố Lê Văn Lương, Bãi Cháy, Hạ Long, Quảng Ninh Province 01000, Vietnam",restaurant,0.0,vietnamese,,,,vietnamese,,,,,,2025-10-22T02:13:17.334265
Quán Cà Phê Eleven Coffe,Ha Long,4.5,"['restaurant', 'food']",20.955971800403525,107.004185,"HO1-2, Mac Dinh Chi Street, Hùng Thắng, Hạ Long, Quảng Ninh Province 200000, Vietnam",restaurant,0.0,vietnamese,,,,vietnamese,,,,,,2025-10-22T02:13:17.334268
Pizza Hut,Ha Long,4.6,"['restaurant', 'food']",20.950872100403426,107.08478370000002,"2-4, Cảng Mới, Bạch Đằng, Hạ Long, Quảng Ninh Province 01100, Vietnam",restaurant,0.0,vietnamese,,,,vietnamese,,,,,,2025-10-22T02:13:17.334271
Mai Ly,Ha Long,4.7,"['restaurant', 'food']",20.944586100403303,107.107249,"Phố Hải Thắng, Hồng Hải, Hạ Long, Quảng Ninh Province 01010, Vietnam",restaurant,0.0,vietnamese,,,,vietnamese,,,,,,2025-10-22T02:13:17.334273
Hang 86,Ha Long,4.8,"['restaurant', 'food']",20.95598670040352,107.0523857,"Đường Hạ Long, Bãi Cháy, Hạ Long, Quảng Ninh Province 01000, Vietnam",restaurant,0.0,vietnamese,,,,vietnamese,,,,,,2025-10-22T02:13:17.334275
Open Bar 2,Ha Long,4.9,"['restaurant', 'food']",20.948885800403385,107.04890432195036,"Đường Kỳ Quan, Bãi Cháy, Hạ Long, Quảng Ninh Province 01000, Vietnam",restaurant,0.0,vietnamese,,,,vietnamese,,,,,,2025-10-22T02:13:17.334280
Open Bar 1,Ha Long,4.0,"['restaurant', 'food']",20.94830325040338,107.04717952111895,"Đường Kỳ Quan, Bãi Cháy, Hạ Long, Quảng Ninh Province 01000, Vietnam",restaurant,0.0,vietnamese,,,,vietnamese,,,,,,2025-10-22T02:13:17.334282
Hồ Cô Tiên Palace,Ha Long,4.1,"['restaurant', 'food']",20.952697950403454,107.096567083688,"Cô Tiên, Hong Gai, Hạ Long, Quảng Ninh Province 01100, Vietnam",restaurant,0.0,vietnamese,,,,vietnamese,,,,,,2025-10-22T02:13:17.334285
Sakura Coffee,Ha Long,4.2,"['restaurant', 'food']",20.955867100403523,107.07371947265779,"Đường Đặng Bá Hát, Yết Kiêu, Hạ Long, Quảng Ninh Province 01000, Vietnam",restaurant,0.0,vietnamese,,,,vietnamese,,,,,,2025-10-22T02:13:17.334287
Mộc Trà Quán,Ha Long,4.3,"['restaurant', 'food']",20.955133800403505,107.07406515487352,"Đường Đặng Bá Hát, Yết Kiêu, Hạ Long, Quảng Ninh Province 01000, Vietnam",restaurant,0.0,vietnamese,,,,vietnamese,,,,,,2025-10-22T02:13:17.334289
Trường Tiểu học Minh Hà,Ha Long,4.4,"['restaurant', 'food']",20.95726235040355,107.15972759782167,"Minh Hà, Hà Phong, Hạ Long, Quảng Ninh Province 01040, Vietnam",restaurant,0.0,vietnamese,,,,vietnamese,,,,,,2025-10-22T02:13:17.334291
Ánh Dương,Ha Long,4.5,"['restaurant', 'food']",20.952745550403463,107.04388186702897,"Đường Hạ Long, Bãi Cháy, Hạ Long, Quảng Ninh Province 01000, Vietnam",restaurant,0.0,vietnamese,,,,vietnamese,,,,,,2025-10-22T02:13:17.334294
Hạ Long 1,Ha Long,4.6,"['restaurant', 'food']",20.952126850403445,107.0426056950441,"Lý Quốc Sư, Bãi Cháy, Hạ Long, Quảng Ninh Province 01000, Vietnam",restaurant,0.0,vietnamese,,,,vietnamese,,,,,,2025-10-22T02:13:17.334296
Thuận Lợi 2,Ha Long,4.7,"['restaurant', 'food']",20.95177265040344,107.04264542146073,"Đường Hạ Long, Bãi Cháy, Hạ Long, Quảng Ninh Province 01000, Vietnam",restaurant,0.0,vietnamese,,,,vietnamese,,,,,,2025-10-22T02:13:17.334300
Cua Vàng,Ha Long,4.8,"['restaurant', 'food']",20.959417700403588,107.0187657,"Phan Chu Trinh, Bãi Cháy, Hạ Long, Quảng Ninh Province 01000, Vietnam",restaurant,0.0,vietnamese,,,,vietnamese,,,,,,2025-10-22T02:13:17.334302
Mixue,Ha Long,4.9,"['restaurant', 'food']",20.978075150403946,107.010780568224,"Đường Giếng Đáy, Giếng Đáy, Hạ Long, Quảng Ninh Province, Vietnam",restaurant,0.0,vietnamese,,,,vietnamese,,,,,,2025-10-22T02:13:17.334306
Tiệm Rau Má MAXH,Quang Ninh,4.0,"['restaurant', 'food']",21.009874300404523,107.2712711,"Ngõ 398A, Tran Phu Street, Cẩm Trung, Cẩm Phả, Quảng Ninh Province 01250, Vietnam",restaurant,0.0,vietnamese,,,,vietnamese,,,,,,2025-10-22T02:13:29.915588
Royal Palace Restaurant,Quang Ninh,4.1,"['restaurant', 'food']",21.01009430040453,107.26952749999998,"Tran Phu Street, Cẩm Trung, Cẩm Phả, Quảng Ninh Province 01250, Vietnam",restaurant,0.0,vietnamese,,,,vietnamese,,,,,,2025-10-22T02:13:29.915596
Restaurant Quang Ninh 3,Quang Ninh,4.2,"['restaurant', 'food']",21.034332600404955,107.3588639,"Cửa Ông, Quảng Ninh Province, Vietnam",restaurant,0.0,vietnamese,,,,vietnamese,,,,,,2025-10-22T02:13:29.915598
Royal Coffee,Quang Ninh,4.3,"['restaurant', 'food']",21.012900000404585,107.28153720000002,"Tran Phu Street, Cẩm Thành, Cẩm Phả, Quảng Ninh Province 01250, Vietnam",restaurant,0.0,vietnamese,,,,vietnamese,,,,,,2025-10-22T02:13:29.915601
Mona's Homestay,Cat Ba,4.0,"['restaurant', 'food']",20.72580190039832,107.0471172,"180, Phố Cát Bà, Hải Phòng, 180000, Vietnam",restaurant,0.0,vietnamese,,,,vietnamese,,,,,,2025-10-22T02:13:42.553613
Quiri Pub Cocktail & Restaurant,Cat Ba,4.1,"['restaurant', 'food']",20.72699640039835,107.0434484,"No 135, Tùng Dinh, Hải Phòng, 187380, Vietnam",restaurant,0.0,vietnamese,,,,vietnamese,,,,,,2025-10-22T02:13:42.553629
Cat Ba Oasis Bar,Cat Ba,4.2,"['restaurant', 'food']",20.723747300398266,107.05022839999998,"226, Phố Cát Bà, Hải Phòng, Vietnam",restaurant,0.0,vietnamese,,,,vietnamese,,,,,,2025-10-22T02:13:42.553635
Com No 368,Cat Ba,4.3,"['restaurant', 'food']",20.727782600398374,107.0468594,"Phố Tùng Dinh, Hải Phòng, Vietnam",restaurant,0.0,vietnamese,,,,vietnamese,,,,,,2025-10-22T02:13:42.553640
Nha hang Boom,Cat Ba,4.4,"['restaurant', 'food']",20.72070260039819,107.05105669999999,"Phố Cát Bà, Hải Phòng, Vietnam",restaurant,0.0,vietnamese,,,,vietnamese,,,,,,2025-10-22T02:13:42.553644
Aroma Cat Ba seafood restaurant,Cat Ba,4.5,"['restaurant', 'food']",20.725999500398324,107.046911,"175a, Phố Cát Bà, Hải Phòng, 180000, Vietnam",restaurant,0.0,vietnamese,,,,vietnamese,,,,,,2025-10-22T02:13:42.553648
Ven Hồ,Cat Ba,4.6,"['restaurant', 'food']",20.724503000398297,107.0513987,"275, Núi Ngọc, Hải Phòng, 180000, Vietnam",restaurant,0.0,vietnamese,,,,vietnamese,,,,,,2025-10-22T02:13:42.553652
Nhà Hàng Full Moon,Cat Ba,4.7,"['restaurant', 'food']",20.72399930039827,107.05011619999999,"225, Núi Ngọc, Hải Phòng, 187315, Vietnam",restaurant,0.0,vietnamese,,,,vietnamese,,,,,,2025-10-22T02:13:42.553656
Cat Ba Oasis Bar 2,Cat Ba,4.8,"['restaurant', 'food']",20.721238300398205,107.05143599999998,"254, Phố Cát Bà, Hải Phòng, Vietnam",restaurant,0.0,vietnamese,,,,vietnamese,,,,,,2025-10-22T02:13:42.553661
The Little Leaf,Cat Ba,4.9,"['restaurant', 'food']",20.72667890039834,107.0515418,"91, Núi Ngọc, Hải Phòng, Vietnam",restaurant,0.0,vietnamese,,,,vietnamese,,,,,,2025-10-22T02:13:42.553665
Indian Restaurant Ganesh,Cat Ba,4.0,"['restaurant', 'food']",20.72629940039833,107.04670990000001,"Phố Cát Bà, Hải Phòng, Vietnam",restaurant,0.0,vietnamese,,,,vietnamese,,,,,,2025-10-22T02:13:42.553669
Napoli Pizza,Cat Ba,4.1,"['restaurant', 'food']",20.724579900398286,107.049731,"Phố Cát Bà, Hải Phòng, Vietnam",restaurant,0.0,vietnamese,,,,vietnamese,,,,,,2025-10-22T02:13:42.553673
Like Coffee,Cat Ba,4.2,"['restaurant', 'food']",20.72586340039832,107.04700589999999,"177, Phố Cát Bà, Hải Phòng, Vietnam",restaurant,0.0,vietnamese,,,,vietnamese,,,,,,2025-10-22T02:13:42.553685
SAM ăn vặt 3 miền,Cat Ba,4.3,"['restaurant', 'food']",20.727978000398373,107.0459845,"26, Tùng Dinh, Hải Phòng, Vietnam",restaurant,0.0,vietnamese,,,,vietnamese,,,,,,2025-10-22T02:13:42.553690
Yummy 2 Restaurant,Cat Ba,4.4,"['restaurant', 'food']",20.726656600398336,107.05272329999998,"Núi Ngọc, Hải Phòng, Vietnam",restaurant,0.0,vietnamese,,,,vietnamese,,,,,,2025-10-22T02:13:42.553703
Long coffee,Cat Ba,4.5,"['restaurant', 'food']",20.73530960039856,107.04374929999999,"196, Ha Sen, Hải Phòng, Vietnam",restaurant,0.0,vietnamese,,,,vietnamese,,,,,,2025-10-22T02:13:42.553707
Casa Bonita,Cat Ba,4.7,"['restaurant', 'food']",20.72673710039835,107.0520241,"Phố Núi Ngọc, Hải Phòng, Vietnam",restaurant,0.0,vietnamese,,,,vietnamese,,,,,,2025-10-22T02:13:42.553716
The Bigman,Cat Ba,4.8,"['restaurant', 'food']",20.72464490039829,107.0496598,"Phố Cát Bà, Hải Phòng, Vietnam",restaurant,0.0,vietnamese,,,,vietnamese,,,,,,2025-10-22T02:13:42.553720
Napoli pizza,Cat Ba,4.9,"['restaurant', 'food']",20.726743300398343,107.05239719999999,"Phố Núi Ngọc, Hải Phòng, Vietnam",restaurant,0.0,vietnamese,,,,vietnamese,,,,,,2025-10-22T02:13:42.553724
NHÀ HÀNG SAPA TV,Sapa,4.0,"['restaurant', 'food']",22.336288200403274,103.84545402703348,"19, Hoàng Văn Thụ, Sa Pa, Lào Cai Province 31786, Vietnam",restaurant,0.0,vietnamese,,,,vietnamese,,,,,,2025-10-22T02:13:53.969750
Nha Hang,Sapa,4.1,"['restaurant', 'food']",22.333182100403327,103.8425416,"040, Cầu Mây, Sa Pa, Lào Cai Province 31786, Vietnam",restaurant,0.0,vietnamese,,,,vietnamese,,,,,,2025-10-22T02:13:53.969776
Little View Restaurant,Sapa,4.2,"['restaurant', 'food']",22.332518500403353,103.84292779999998,"042 Cau May, Ngo Cau May of Mega View Homestay, Sa Pa, Lào Cai Province 31786, Vietnam",restaurant,0.0,vietnamese,,,,vietnamese,,,,,,2025-10-22T02:13:53.969781
Le Gecko,Sapa,4.3,"['restaurant', 'food']",22.33629830040328,103.8428713,"33, Xuân Viên, Sa Pa, Lào Cai Province 31786, Vietnam",restaurant,0.0,vietnamese,,,,vietnamese,,,,,,2025-10-22T02:13:53.969783
La Casa Pizza,Sapa,4.4,"['restaurant', 'food']",22.33320800040333,103.84293279999999,"007, Mường Hoa, Sa Pa, Lào Cai Province 33000, Vietnam",restaurant,0.0,vietnamese,,,,vietnamese,,,,,,2025-10-22T02:13:53.969786
Gem Coffee Art,Sapa,4.5,"['restaurant', 'food']",22.330933200403376,103.834866,"Cat Cat Road, Sa Pa, Lào Cai Province 31786, Vietnam",restaurant,0.0,vietnamese,,,,vietnamese,,,,,,2025-10-22T02:13:53.969789
Nhà hàng Ô Quý Hồ,Sapa,4.6,"['restaurant', 'food']",22.336022100403284,103.84347039999999,"8, Thạch Sơn, Sa Pa, Lào Cai Province 31786, Vietnam",restaurant,0.0,vietnamese,,,,vietnamese,,,,,,2025-10-22T02:13:53.969791
Nhà hàng song nhi sapa,Sapa,4.7,"['restaurant', 'food']",22.360819600402774,103.7783146,"O Quy Ho Road, Phan Si Păng, Sa Pa, Lào Cai Province, Vietnam",restaurant,0.0,vietnamese,,,,vietnamese,,,,,,2025-10-22T02:13:53.969794
Good Morning View Restaurant,Sapa,4.8,"['restaurant', 'food']",22.329900800403415,103.84595829999999,"47, Mường Hoa, Sa Pa, Lào Cai Province 31786, Vietnam",restaurant,0.0,vietnamese,,,,vietnamese,,,,,,2025-10-22T02:13:53.969796
Wooden Pub,Sapa,4.9,"['restaurant', 'food']",22.336038600403274,103.84029499999998,"03, Đường Thác Bạc, Sa Pa, Lào Cai Province 31786, Vietnam",restaurant,0.0,vietnamese,,,,vietnamese,,,,,,2025-10-22T02:13:53.969800
Romano Pizza,Sapa,4.0,"['restaurant', 'food']",22.3398805004032,103.8464814,"611, Dien Bien Phu Rd. - National Route 4D, Phan Si Păng, Sa Pa, Lào Cai Province 33000, Vietnam",restaurant,0.0,vietnamese,,,,vietnamese,,,,,,2025-10-22T02:13:53.969804
Nhà Hàng S88,Sapa,4.1,"['restaurant', 'food']",22.33677050040327,103.84687889999998,"01, Pho Vo Thi Sau, Sa Pa, Lào Cai Province 31786, Vietnam",restaurant,0.0,vietnamese,,,,vietnamese,,,,,,2025-10-22T02:13:53.969807
Ladybird Restaurant & Hotel,Sapa,4.2,"['restaurant', 'food']",22.33581350040329,103.843,"04, Thạch Sơn, Sa Pa, Lào Cai Province 31786, Vietnam",restaurant,0.0,vietnamese,,,,vietnamese,,,,,,2025-10-22T02:13:53.969809
QUÁN RƯỢU & CÀ PHÊ,Sapa,4.3,"['restaurant', 'food']",22.332723200403343,103.8377534,"069, Đường Violet, Sa Pa, Lào Cai Province 31786, Vietnam",restaurant,0.0,vietnamese,,,,vietnamese,,,,,,2025-10-22T02:13:53.969813
Hello Vietnam Restaurant,Sapa,4.4,"['restaurant', 'food']",22.332804300403343,103.84020339999998,"45a, Phan Xi Păng, Sa Pa, Lào Cai Province 31786, Vietnam",restaurant,0.0,vietnamese,,,,vietnamese,,,,,,2025-10-22T02:13:53.969815
Cafe in the cloud,Sapa,4.5,"['restaurant', 'food']",22.332094500403354,103.83907789999999,"060, Đường Violet, Sa Pa, Lào Cai Province 31786, Vietnam",restaurant,0.0,vietnamese,,,,vietnamese,,,,,,2025-10-22T02:13:53.969817
Red Dao House,Sapa,4.6,"['restaurant', 'food']",22.336287400403283,103.8398872,"4B, Đường Thác Bạc, Phan Si Păng, Sa Pa, Lào Cai Province 31786, Vietnam",restaurant,0.0,vietnamese,,,,vietnamese,,,,,,2025-10-22T02:13:53.969819
Nhà hàng Sa Pa Sky,Sapa,4.7,"['restaurant', 'food']",22.33099120040338,103.8338547,"Cat Cat Road, Sa Pa, Lào Cai Province 31786, Vietnam",restaurant,0.0,vietnamese,,,,vietnamese,,,,,,2025-10-22T02:13:53.969822
moment romantic restaurant and bar,Sapa,4.8,"['restaurant', 'food']",22.33132350040337,103.8443914,"026B, Mường Hoa, Sa Pa, Lào Cai Province 31786, Vietnam",restaurant,0.0,vietnamese,,,,vietnamese,,,,,,2025-10-22T02:13:53.969825
Thang Co A Quynh restaurant,Sapa,4.9,"['restaurant', 'food']",22.33609310040327,103.84457519999998,"Thủ Dầu Một, Sa Pa, Lào Cai Province 31786, Vietnam",restaurant,0.0,vietnamese,,,,vietnamese,,,,,,2025-10-22T02:13:53.969827
NHÀ HÀNG THĂNG LONG - ĐẶC SẢN DÊ NÚI NINH BÌNH,Ninh Binh,4.0,"['restaurant', 'food']",20.28959680038445,105.88912419999998,"777, Quốc lộ 38B, Hoa Lư, Ninh Bình Province 40000, Vietnam",restaurant,0.0,vietnamese,,,,vietnamese,,,,,,2025-10-22T02:14:05.288564
CLB trà chanh chém gió,Ninh Binh,4.1,"['restaurant', 'food']",20.21763600038166,105.9471205,"ĐT.491C, Ninh Hải, Ninh Bình Province 43000, Vietnam",restaurant,0.0,vietnamese,,,,vietnamese,,,,,,2025-10-22T02:14:05.288576
Ta Cốc Moonlight Coffee,Ninh Binh,4.2,"['restaurant', 'food']",20.217292100381645,105.9448772,"ĐT.491C, Ninh Hải, Ninh Bình Province 08214, Vietnam",restaurant,0.0,vietnamese,,,,vietnamese,,,,,,2025-10-22T02:14:05.288580
RIÊU CUA BẮP BÒ,Ninh Binh,4.3,"['restaurant', 'food']",20.25792280038324,105.9741945,"117, Đuờng Lê Hồng Phong, Vân Giang, Hoa Lư, Ninh Bình Province 08212, Vietnam",restaurant,0.0,vietnamese,,,,vietnamese,,,,,,2025-10-22T02:14:05.288583
Tien Dat,Ninh Binh,4.4,"['restaurant', 'food']",20.216694000381622,105.9396144,"ĐT.491C, Ninh Hải, Ninh Bình Province 08214, Vietnam",restaurant,0.0,vietnamese,,,,vietnamese,,,,,,2025-10-22T02:14:05.288586
Coffee Phong,Ninh Binh,4.5,"['restaurant', 'food']",20.25747500038322,105.9723117,"27, Đuờng Lê Hồng Phong, Vân Giang, Hoa Lư, Ninh Bình Province 40000, Vietnam",restaurant,0.0,vietnamese,,,,vietnamese,,,,,,2025-10-22T02:14:05.288588
Bún Chả 734,Ninh Binh,4.6,"['restaurant', 'food']",20.244668100382718,105.9927502,"734, National Highway 10, Bích Đào, Hoa Lư, Ninh Bình Province 10000, Vietnam",restaurant,0.0,vietnamese,,,,vietnamese,,,,,,2025-10-22T02:14:05.288591
Quán dê Chính Thư,Ninh Binh,4.7,"['restaurant', 'food']",20.24747910038283,105.9342071,"491B, Hoa Lư, Ninh Bình Province 08212, Vietnam",restaurant,0.0,vietnamese,,,,vietnamese,,,,,,2025-10-22T02:14:05.288594
Nhà Hàng Trung Tuyết,Ninh Binh,4.8,"['restaurant', 'food']",20.25161390038299,105.97873999999999,"14, Đường Hoàng Hoa Thám, Vân Giang, Hoa Lư, Ninh Bình Province 08212, Vietnam",restaurant,0.0,vietnamese,,,,vietnamese,,,,,,2025-10-22T02:14:05.288596
Thảo béo restaurant bar,Ninh Binh,4.9,"['restaurant', 'food']",20.21083990038139,105.93716049999999,"ĐT.491C, Ninh Hải, Ninh Bình Province 08214, Vietnam",restaurant,0.0,vietnamese,,,,vietnamese,,,,,,2025-10-22T02:14:05.288599
Viet cuisine restaurant,Ninh Binh,4.0,"['restaurant', 'food']",20.246675700382806,105.93534759999999,"491B, Hoa Lư, Ninh Bình Province 08212, Vietnam",restaurant,0.0,vietnamese,,,,vietnamese,,,,,,2025-10-22T02:14:05.288602
Bún Mọc Biển Hà,Ninh Binh,4.1,"['restaurant', 'food']",20.257491900383215,105.9718649,"05, Đuờng Lê Hồng Phong, Vân Giang, Hoa Lư, Ninh Bình Province 08212, Vietnam",restaurant,0.0,vietnamese,,,,vietnamese,,,,,,2025-10-22T02:14:05.288606
Banh mi,Ninh Binh,4.2,"['restaurant', 'food']",20.21704350038163,105.9410845,"ĐT.491C, Ninh Hải, Ninh Bình Province 08214, Vietnam",restaurant,0.0,vietnamese,,,,vietnamese,,,,,,2025-10-22T02:14:05.288609
Chef Hien Restaurant,Ninh Binh,4.3,"['restaurant', 'food']",20.21553110038158,105.93689649999999,"Thai Vi, Ninh Hải, Ninh Bình Province 08213, Vietnam",restaurant,0.0,vietnamese,,,,vietnamese,,,,,,2025-10-22T02:14:05.288611
Ngo Dong Vegan restaurant,Ninh Binh,4.4,"['restaurant', 'food']",20.21593250038159,105.9354097,"Thai Vi, Hoa Lư, Ninh Bình Province 08213, Vietnam",restaurant,0.0,vietnamese,,,,vietnamese,,,,,,2025-10-22T02:14:05.288613
Riverside restaurant,Ninh Binh,4.5,"['restaurant', 'food']",20.24693880038281,105.9352222,"491B, Hoa Lư, Ninh Bình Province 08212, Vietnam",restaurant,0.0,vietnamese,,,,vietnamese,,,,,,2025-10-22T02:14:05.288616
Tuan Tu,Ninh Binh,4.6,"['restaurant', 'food']",20.216757300381627,105.93885119999999,"ĐT.491C, Ninh Hải, Ninh Bình Province 08214, Vietnam",restaurant,0.0,vietnamese,,,,vietnamese,,,,,,2025-10-22T02:14:05.288619
Café Be,Ninh Binh,4.7,"['restaurant', 'food']",20.257456000383222,105.9711921,"Đường Cù Chính Lan, Vân Giang, Hoa Lư, Ninh Bình Province 08212, Vietnam",restaurant,0.0,vietnamese,,,,vietnamese,,,,,,2025-10-22T02:14:05.288621
Hi Korea,Ninh Binh,4.8,"['restaurant', 'food']",20.260252000383325,105.9701054,"818, Đường Trân Hưng Đạo, Vân Giang, Hoa Lư, Ninh Bình Province 08212, Vietnam",restaurant,0.0,vietnamese,,,,vietnamese,,,,,,2025-10-22T02:14:05.288623
556 Khánh Tân Ninh Khánh tp Ninh Bình,Ninh Binh,4.9,"['restaurant', 'food']",20.271886200383776,105.96501629999999,"556, Tran Hung Dao Road, Ninh Khánh, Hoa Lư, Ninh Bình Province 08210, Vietnam",restaurant,0.0,vietnamese,,,,vietnamese,,,,,,2025-10-22T02:14:05.288626
King Cổng Trời,Tam Dao,4.0,"['restaurant', 'food']",21.45556150040969,105.64051059999998,"Quốc lộ 2B, Tam Đảo, Phú Thọ Province 15000, Vietnam",restaurant,0.0,vietnamese,,,,vietnamese,,,,,,2025-10-22T02:14:16.252769
Nhà Hàng Phố núi,Tam Dao,4.1,"['restaurant', 'food']",21.457824400409695,105.64566839999999,"Quốc lộ 2B, Tam Đảo, Phú Thọ Province, Vietnam",restaurant,0.0,vietnamese,,,,vietnamese,,,,,,2025-10-22T02:14:16.252778
Út Hân,Tam Dao,4.2,"['restaurant', 'food']",21.451885900409675,105.6381112,"Quốc lộ 2B, Tam Đảo, Phú Thọ Province, Vietnam",restaurant,0.0,vietnamese,,,,vietnamese,,,,,,2025-10-22T02:14:16.252781
Rock Cafe Tam Đảo,Tam Dao,4.3,"['restaurant', 'food']",21.456105200409684,105.64411289999998,"Quốc lộ 2B, Tam Đảo, Phú Thọ Province, Vietnam",restaurant,0.0,vietnamese,,,,vietnamese,,,,,,2025-10-22T02:14:16.252783
Nhà hàng Tuấn Hương Tam Đảo,Tam Dao,4.4,"['restaurant', 'food']",21.45466260040968,105.64553280000001,"Quốc lộ 2B, Tam Đảo, Phú Thọ Province, Vietnam",restaurant,0.0,vietnamese,,,,vietnamese,,,,,,2025-10-22T02:14:16.252786
Sky Vape Coffee,Nghe An,4.0,"['restaurant', 'food']",18.662942200289617,105.6822463,"16, Lê Mao, Vinh Tân, Vinh, Nghệ An Province, Vietnam",restaurant,0.0,vietnamese,,,,vietnamese,,,,,,2025-10-22T02:14:33.226243
Linh BBM,Nghe An,4.1,"['restaurant', 'food']",18.6306080002871,105.65048999999999,"Đường Huyện 2.2, Vinh, Nghệ An Province, Vietnam",restaurant,0.0,vietnamese,,,,vietnamese,,,,,,2025-10-22T02:14:33.226254
We pub,Nghe An,4.2,"['restaurant', 'food']",18.674162000290476,105.67876949999999,"62A, Nguyễn Thị Minh Khai, Hưng Bình, Vinh, Nghệ An Province, Vietnam",restaurant,0.0,vietnamese,,,,vietnamese,,,,,,2025-10-22T02:14:33.226258
ESPÉRER 138 Nguyễn Văn Cừ,Nghe An,4.3,"['restaurant', 'food']",18.67675440029068,105.68663159999998,"138, Nguyễn Văn Cừ, Hưng Phúc, Vinh, Nghệ An Province 460000, Vietnam",restaurant,0.0,vietnamese,,,,vietnamese,,,,,,2025-10-22T02:14:33.226264
ARTISAN Bakery & Cafe,Nghe An,4.4,"['restaurant', 'food']",18.67730155029072,105.68663639517794,"136, Nguyễn Văn Cừ, Hưng Bình, Vinh, Nghệ An Province 460000, Vietnam",restaurant,0.0,vietnamese,,,,vietnamese,,,,,,2025-10-22T02:14:33.226268
Quán Bún Riêu Cua Chí Hoa,Nghe An,4.5,"['restaurant', 'food']",18.725976800294454,105.66732755484057,"Phú Thọ 1, Vinh, Nghệ An Province, Vietnam",restaurant,0.0,vietnamese,,,,vietnamese,,,,,,2025-10-22T02:14:33.226271
Bún Bò Đò Trai - Bún Đen Đức Thọ,Nghe An,4.6,"['restaurant', 'food']",18.65817060028924,105.70009209999999,"66B, Nguyễn Văn Trỗi, Bến Thủy, Vinh, Nghệ An Province 038, Vietnam",restaurant,0.0,vietnamese,,,,vietnamese,,,,,,2025-10-22T02:14:33.226277
Goong Coffee,Nghe An,4.7,"['restaurant', 'food']",18.672878700290386,105.6940861,"24, Phan Sỹ Thục, Trường Thi, Vinh, Nghệ An Province, Vietnam",restaurant,0.0,vietnamese,,,,vietnamese,,,,,,2025-10-22T02:14:33.226280
Đạt Thuần Chay,Nghe An,4.8,"['restaurant', 'food']",18.66891290029008,105.66446349999998,"47, Trần Hưng Đạo, Đội Cung, Vinh, Nghệ An Province, Vietnam",restaurant,0.0,vietnamese,,,,vietnamese,,,,,,2025-10-22T02:14:33.226283
phòng bếp,Nghe An,4.9,"['restaurant', 'food']",18.713531300293504,105.6705290433508,"Đường Đồng Tân, Vinh, Nghệ An Province, Vietnam",restaurant,0.0,vietnamese,,,,vietnamese,,,,,,2025-10-22T02:14:33.226287
Nhà Hàng Sơn Kèn Gà Chọi,Nghe An,4.0,"['restaurant', 'food']",18.72581305029443,105.66815619921636,"Phú Thọ 3, Vinh, Nghệ An Province, Vietnam",restaurant,0.0,vietnamese,,,,vietnamese,,,,,,2025-10-22T02:14:33.226292
Bia Phủi 68 - Văn Văn Thanh Chương,Nghe An,4.1,"['restaurant', 'food']",18.725607350294418,105.66826987035948,"Đường sân bay Vinh, Vinh, Nghệ An Province, Vietnam",restaurant,0.0,vietnamese,,,,vietnamese,,,,,,2025-10-22T02:14:33.226296
AIRPORT CAFE,Nghe An,4.2,"['restaurant', 'food']",18.720090800293992,105.67116563249931,"Đường sân bay Vinh, Vinh, Nghệ An Province, Vietnam",restaurant,0.0,vietnamese,,,,vietnamese,,,,,,2025-10-22T02:14:33.226299
Vuvuzela,Nghe An,4.3,"['restaurant', 'food']",18.67530140029057,105.67421139999999,"45, Quang Trung, Quang Trung, Vinh, Nghệ An Province, Vietnam",restaurant,0.0,vietnamese,,,,vietnamese,,,,,,2025-10-22T02:14:33.226303
Chicken Restaurant,Nghe An,4.4,"['restaurant', 'food']",18.684655000291293,105.68094999999998,"Đốc Thiết, Lê Lợi, Vinh, Nghệ An Province, Vietnam",restaurant,0.0,vietnamese,,,,vietnamese,,,,,,2025-10-22T02:14:33.226306
phở cười 2,Nghe An,4.5,"['restaurant', 'food']",18.68554390029135,105.6927643,"V.I Lenin, Hưng Dũng, Vinh, Nghệ An Province, Vietnam",restaurant,0.0,vietnamese,,,,vietnamese,,,,,,2025-10-22T02:14:33.226309
FIFA,Nghe An,4.6,"['restaurant', 'food']",18.63012280028707,105.6499037,"Trần Đình San, Cửa Nam, Vinh, Nghệ An Province, Vietnam",restaurant,0.0,vietnamese,,,,vietnamese,,,,,,2025-10-22T02:14:33.226314
Coffee shop,Nghe An,4.7,"['restaurant', 'food']",18.66351800028966,105.6891431,"Nguyễn Thiếp, Trung Đô, Vinh, Nghệ An Province, Vietnam",restaurant,0.0,vietnamese,,,,vietnamese,,,,,,2025-10-22T02:14:33.226318
Virus cybercafe,Nghe An,4.8,"['restaurant', 'food']",18.684647900291292,105.68107,"Đốc Thiết, Lê Lợi, Vinh, Nghệ An Province, Vietnam",restaurant,0.0,vietnamese,,,,vietnamese,,,,,,2025-10-22T02:14:33.226321
Mộc Vân,Nghe An,4.9,"['restaurant', 'food']",18.68679900029145,105.6682921,"06, Phan Bội Châu, Quán Bàu, Vinh, Nghệ An Province, Vietnam",restaurant,0.0,vietnamese,,,,vietnamese,,,,,,2025-10-22T02:14:33.226324
Talk cafe,Quang Binh,4.0,"['restaurant', 'food']",17.47644230018423,106.6221822,"6, Ho Xuan Huong Road, Dong Hoi Ward, Quảng Trị Province, Vietnam",restaurant,0.0,vietnamese,,,,vietnamese,,,,,,2025-10-22T02:14:45.358193
bún phở Sáu Huệ,Quang Binh,4.1,"['restaurant', 'food']",17.48041510018463,106.62074799999999,"22, Dong Hai Road, Dong Hoi Ward, Quảng Trị Province, Vietnam",restaurant,0.0,vietnamese,,,,vietnamese,,,,,,2025-10-22T02:14:45.358203
Sophie Homy,Quang Binh,4.2,"['restaurant', 'food']",17.468322900183438,106.59862740000001,"12, Thuận Lý, Dong Hoi Ward, Quảng Trị Province, Vietnam",restaurant,0.0,vietnamese,,,,vietnamese,,,,,,2025-10-22T02:14:45.358206
Cà phê Bờ sông,Quang Binh,4.3,"['restaurant', 'food']",17.47619240018422,106.62329639999999,"32, Nguyen Du Road, Dong Hoi Ward, Quảng Trị Province 51000, Vietnam",restaurant,0.0,vietnamese,,,,vietnamese,,,,,,2025-10-22T02:14:45.358209
Công ty Inmobi,Quang Binh,4.4,"['restaurant', 'food']",17.467711900183374,106.6366641,"Đường Phạm Duy Quyết, Dong Hoi Ward, Quảng Trị Province, Vietnam",restaurant,0.0,vietnamese,,,,vietnamese,,,,,,2025-10-22T02:14:45.358213
7th heaven,Quang Binh,4.5,"['restaurant', 'food']",17.475947000184192,106.6219745,"39, Duong Van An Road, Dong Hoi Ward, Quảng Trị Province, Vietnam",restaurant,0.0,vietnamese,,,,vietnamese,,,,,,2025-10-22T02:14:45.358218
Nha Hang Dai Duong,Quang Binh,4.6,"['restaurant', 'food']",17.482321500184817,106.62560309999999,"71, Truong Phap Road, Dong Hoi Ward, Quảng Trị Province, Vietnam",restaurant,0.0,vietnamese,,,,vietnamese,,,,,,2025-10-22T02:14:45.358221
Nhà Hàng Nổi Binh Minh,Quang Binh,4.7,"['restaurant', 'food']",17.458160300182413,106.6252382,"Nguyen Văn Troi street, Dong Hoi Ward, Quảng Trị Province, Vietnam",restaurant,0.0,vietnamese,,,,vietnamese,,,,,,2025-10-22T02:14:45.358223
bánh bèo cô Dung,Quang Binh,4.8,"['restaurant', 'food']",17.484725600185058,106.6246975,"93, Le Thanh Dong Road, Dong Hoi Ward, Quảng Trị Province, Vietnam",restaurant,0.0,vietnamese,,,,vietnamese,,,,,,2025-10-22T02:14:45.358227
Bánh Xèo 18 QB,Quang Binh,4.9,"['restaurant', 'food']",17.48049330018464,106.62060879999999,"18, Dong Hai Road, Dong Hoi Ward, Quảng Trị Province, Vietnam",restaurant,0.0,vietnamese,,,,vietnamese,,,,,,2025-10-22T02:14:45.358230
Met Ga Nhi Nguyen,Quang Binh,4.0,"['restaurant', 'food']",17.47951060018454,106.6039006,"Huu Nghi Road, Dong Thuan Ward, Dong Hoi Ward, Quảng Trị Province, Vietnam",restaurant,0.0,vietnamese,,,,vietnamese,,,,,,2025-10-22T02:14:45.358233
Saigon Garden,Quang Binh,4.1,"['restaurant', 'food']",17.468135400183414,106.62507625,"Quach Xuan Ky Road, Dong Hoi Ward, Quảng Trị Province, Vietnam",restaurant,0.0,vietnamese,,,,vietnamese,,,,,,2025-10-22T02:14:45.358235
Nhà hàng nổi Phố Biển,Quang Binh,4.2,"['restaurant', 'food']",17.46815205018342,106.62601196031096,"Quach Xuan Ky Road, Dong Hoi Ward, Quảng Trị Province, Vietnam",restaurant,0.0,vietnamese,,,,vietnamese,,,,,,2025-10-22T02:14:45.358238
Kyoto Lounge Đồng Hới,Quang Binh,4.3,"['restaurant', 'food']",17.46740290018334,106.61529001816552,"Nguyen Huu Canh Road, Dong Hoi Ward, Quảng Trị Province, Vietnam",restaurant,0.0,vietnamese,,,,vietnamese,,,,,,2025-10-22T02:14:45.358240
Sabochi,Quang Binh,4.4,"['restaurant', 'food']",17.460922550182694,106.61709857925317,"23/8 road, Dong Hoi Ward, Quảng Trị Province, Vietnam",restaurant,0.0,vietnamese,,,,vietnamese,,,,,,2025-10-22T02:14:45.358244
Nhà hàng Everland,Quang Binh,4.5,"['restaurant', 'food']",17.458223900182436,106.62277509582543,"Nguyen Văn Troi street, Dong Hoi Ward, Quảng Trị Province, Vietnam",restaurant,0.0,vietnamese,,,,vietnamese,,,,,,2025-10-22T02:14:45.358247
Nhà hàng Luxe Palace,Quang Binh,4.6,"['restaurant', 'food']",17.475970450184192,106.61510717427339,"Tran Quang Khai Road, Dong Hoi Ward, Quảng Trị Province, Vietnam",restaurant,0.0,vietnamese,,,,vietnamese,,,,,,2025-10-22T02:14:45.358249
QB,Quang Binh,4.7,"['restaurant', 'food']",17.463391300182945,106.62360129999999,"Đường Lê Lợi, Dong Hoi Ward, Quảng Trị Province, Vietnam",restaurant,0.0,vietnamese,,,,vietnamese,,,,,,2025-10-22T02:14:45.358251
Yến Ngận,Quang Binh,4.8,"['restaurant', 'food']",17.51536290018809,106.57944699999999,"Quốc lộ 1, Nam Trach commune, Quảng Trị Province, Vietnam",restaurant,0.0,vietnamese,,,,vietnamese,,,,,,2025-10-22T02:14:45.358254
Thach Thao Coffee & Fast food,Quang Binh,4.9,"['restaurant', 'food']",17.465269600183127,106.62027139999998,"Nguyễn Trãi, Dong Hoi Ward, Quảng Trị Province, Vietnam",restaurant,0.0,vietnamese,,,,vietnamese,,,,,,2025-10-22T02:14:45.358256
Hangout Coffee & Bar,Thua Thien Hue,4.0,"['restaurant', 'food']",16.46533500007727,107.5933667,"48, Nguyễn Tri Phương, Phường Thuận Hóa, Huế, Huế 54000, Vietnam",restaurant,0.0,vietnamese,,,,vietnamese,,,,,,2025-10-22T02:14:56.352554
Little Italy,Thua Thien Hue,4.1,"['restaurant', 'food']",16.46783720007754,107.59470770000001,"10, Nguyễn Thái Học, Phường Thuận Hóa, Huế, Huế 54000, Vietnam",restaurant,0.0,vietnamese,,,,vietnamese,,,,,,2025-10-22T02:14:56.352562
Lick N Bite,Thua Thien Hue,4.2,"['restaurant', 'food']",16.46394650007711,107.59131089999998,"20, Nguyễn Tri Phương, Phường Thuận Hóa, Huế, Huế 54000, Vietnam",restaurant,0.0,vietnamese,,,,vietnamese,,,,,,2025-10-22T02:14:56.352564
Ancient Hue Royal Gellery Cuisine,Thua Thien Hue,4.3,"['restaurant', 'food']",16.46271690007697,107.5627879,"104/47, Kim Long, Phú Xuân District, Huế 54000, Vietnam",restaurant,0.0,vietnamese,,,,vietnamese,,,,,,2025-10-22T02:14:56.352567
DMZ Bar,Thua Thien Hue,4.4,"['restaurant', 'food']",16.47008100007779,107.5939735,"60, Lê Lợi, Phường Thuận Hóa, Huế, Huế 54000, Vietnam",restaurant,0.0,vietnamese,,,,vietnamese,,,,,,2025-10-22T02:14:56.352569
Nook Cafe & Bar,Thua Thien Hue,4.5,"['restaurant', 'food']",16.464551600077172,107.59280629999999,"7 / 34;7, Kiệt 34, Phường Thuận Hóa, Huế, Huế 54000, Vietnam",restaurant,0.0,vietnamese,,,,vietnamese,,,,,,2025-10-22T02:14:56.352571
Nice's Coffee Shop,Thua Thien Hue,4.6,"['restaurant', 'food']",16.46070060007674,107.589324,"27, Hai Bà Trưng, Phường Thuận Hóa, Huế, Huế 54000, Vietnam",restaurant,0.0,vietnamese,,,,vietnamese,,,,,,2025-10-22T02:14:56.352573
Chè Thái Trang Trang,Thua Thien Hue,4.7,"['restaurant', 'food']",16.45650270007627,107.5905932,"99, Phan Đình Phùng, Phường Thuận Hóa, Huế, Huế 53000, Vietnam",restaurant,0.0,vietnamese,,,,vietnamese,,,,,,2025-10-22T02:14:56.352576
Tea House @ Tịnh Trúc Gia,Thua Thien Hue,4.8,"['restaurant', 'food']",16.4432263000748,107.5702257,"To 21, Đường Thu Bồn, Thuận Hóa District, Huế 54000, Vietnam",restaurant,0.0,vietnamese,,,,vietnamese,,,,,,2025-10-22T02:14:56.352578
Imperial Craft Bia,Thua Thien Hue,4.9,"['restaurant', 'food']",16.46062370007674,107.590486,"21/4, Ngô Gia Tự, Phường Thuận Hóa, Huế, Huế 54000, Vietnam",restaurant,0.0,vietnamese,,,,vietnamese,,,,,,2025-10-22T02:14:56.352582
Bếp Nhà Hiền,Thua Thien Hue,4.0,"['restaurant', 'food']",16.465411800077273,107.5975627,"15A, Lê Quý Đôn, Phường Thuận Hóa, Huế, Huế 54000, Vietnam",restaurant,0.0,vietnamese,,,,vietnamese,,,,,,2025-10-22T02:14:56.352584
Olab Farm,Thua Thien Hue,4.1,"['restaurant', 'food']",16.467180300077473,107.57094199999999,"9A, Ngô Thời Nhậm, Phường Phú Xuân, Huế, Huế 54000, Vietnam",restaurant,0.0,vietnamese,,,,vietnamese,,,,,,2025-10-22T02:14:56.352586
Di Nhiên Trà Thất,Thua Thien Hue,4.2,"['restaurant', 'food']",16.46606170007735,107.5720949,"3, Nguyễn Thiện Thuật, Phường Phú Xuân, Huế, Huế 54000, Vietnam",restaurant,0.0,vietnamese,,,,vietnamese,,,,,,2025-10-22T02:14:56.352588
7M - 02 Võ Thị Sáu,Thua Thien Hue,4.3,"['restaurant', 'food']",16.46867590007763,107.595245,"02, Võ Thị Sáu, Phường Thuận Hóa, Huế, Huế 54000, Vietnam",restaurant,0.0,vietnamese,,,,vietnamese,,,,,,2025-10-22T02:14:56.352590
đa:mê,Thua Thien Hue,4.4,"['restaurant', 'food']",16.46958710007773,107.59547029999999,"34, Chu Văn An, Phường Thuận Hóa, Huế, Huế 54000, Vietnam",restaurant,0.0,vietnamese,,,,vietnamese,,,,,,2025-10-22T02:14:56.352592
Phinholic,Thua Thien Hue,4.5,"['restaurant', 'food']",16.464703700077198,107.5947886,"65, Bến Nghé, Phường Thuận Hóa, Huế, Huế 54000, Vietnam",restaurant,0.0,vietnamese,,,,vietnamese,,,,,,2025-10-22T02:14:56.352595
Đa:mê space,Thua Thien Hue,4.6,"['restaurant', 'food']",16.474788100078325,107.58468349999998,"15, Hàn Thuyên, Phường Phú Xuân, Huế, Huế 54000, Vietnam",restaurant,0.0,vietnamese,,,,vietnamese,,,,,,2025-10-22T02:14:56.352597
Hương Ngự Restaurant,Thua Thien Hue,4.7,"['restaurant', 'food']",16.460367700076706,107.5893787,"33, Hai Bà Trưng, Phường Thuận Hóa, Huế, Huế 54000, Vietnam",restaurant,0.0,vietnamese,,,,vietnamese,,,,,,2025-10-22T02:14:56.352599
Nhà hàng tiệc cưới Happy Land,Thua Thien Hue,4.8,"['restaurant', 'food']",16.463534100077066,107.6008067,"20, Tố Hữu, Phường Vỹ Dạ, Huế, Huế 54000, Vietnam",restaurant,0.0,vietnamese,,,,vietnamese,,,,,,2025-10-22T02:14:56.352601
HP3 BBQ AEONMALL HUẾ,Thua Thien Hue,4.9,"['restaurant', 'food']",16.45472170007609,107.61483599999998,"08, Võ Nguyên Giáp, Phường An Cựu, Huế, Huế 54000, Vietnam",restaurant,0.0,vietnamese,,,,vietnamese,,,,,,2025-10-22T02:14:56.352606
